ID,Longitude,Latitude
1,-79.4189845,43.63335603
2,-79.41841961,43.6330105
3,-79.41883696,43.6334191
4,-79.41885436,43.63315528
5,-79.41835571,43.63350129
6,-79.41872303,43.63275027
7,-79.41876274,43.63288566
8,-79.41881195,43.63328534
9,-79.41853405,43.6328271
10,-79.41820044,43.6329851
11,-79.41878656,43.63340356
12,-79.41876054,43.6336286
13,-79.419186,43.63352402
14,-79.41845103,43.63365267
15,-79.41833725,43.63307489
16,-79.41816444,43.63305685
17,-79.41859784,43.63327824
18,-79.41863045,43.63335651
19,-79.41878519,43.63273939
20,-79.41878807,43.63361488
21,-79.41818392,43.63310972
22,-79.41826329,43.63320905
23,-79.41883527,43.63347612
24,-79.41833575,43.63297312
25,-79.41804586,43.63301163
26,-79.41838853,43.63350896
27,-79.41846082,43.63287766
28,-79.41811705,43.63298241
29,-79.41820394,43.63321955
30,-79.41801383,43.63297052
31,-79.41885816,43.63355838
32,-79.41883797,43.63292475
33,-79.41842783,43.63339314
34,-79.41879357,43.63357801
35,-79.4189087,43.63325109
36,-79.41857659,43.63345207
37,-79.41873251,43.63273569
38,-79.41821855,43.63318575
39,-79.41873805,43.63364326
40,-79.41868401,43.63342776
41,-79.41915281,43.63355882
42,-79.41894467,43.63362239
43,-79.41811542,43.63313075
44,-79.41848194,43.63276517
45,-79.41835469,43.63334827
46,-79.41824774,43.63343738
47,-79.41910731,43.63356192
48,-79.41880902,43.63365157
49,-79.41819863,43.63302774
50,-79.41882719,43.63338581
51,-79.419001,43.63343831
52,-79.41911585,43.63340499
53,-79.41895561,43.63332327
54,-79.41892016,43.63302679
55,-79.4184689,43.63332132
56,-79.4190382,43.6335939
57,-79.41857202,43.63276232
58,-79.41833722,43.6332041
59,-79.41812536,43.63305574
60,-79.41860157,43.63351347
61,-79.41888384,43.63291377
62,-79.41820828,43.63299096
63,-79.41895456,43.63341567
64,-79.4188087,43.63275072
65,-79.41824211,43.63311136
66,-79.41841861,43.63337338
67,-79.41900746,43.63327808
68,-79.41822128,43.63305402
69,-79.41855071,43.6336356
70,-79.41837333,43.63283132
71,-79.41863335,43.63306648
72,-79.41835268,43.63316678
73,-79.41846501,43.63322598
74,-79.4187777,43.63301033
75,-79.41868644,43.63305981
76,-79.41829623,43.63327433
77,-79.41829139,43.63348847
78,-79.41882361,43.63323512
79,-79.41907843,43.6334237
80,-79.41893272,43.63303014
81,-79.41873025,43.63275672
82,-79.41862256,43.63319198
83,-79.41861582,43.63286084
84,-79.41842718,43.63359244
85,-79.41819404,43.63301172
86,-79.41821281,43.63340589
87,-79.41888116,43.63309994
88,-79.41823639,43.63284932
89,-79.41878974,43.6333401
90,-79.41843156,43.6333036
91,-79.41911531,43.63353472
92,-79.41836297,43.63292227
93,-79.41812491,43.63309743
94,-79.41848281,43.63321505
95,-79.41881615,43.63327837
96,-79.41835985,43.63299431
97,-79.41868115,43.63323656
98,-79.418765,43.63333868
99,-79.41895999,43.63305745
100,-79.41831311,43.63283102
101,-79.41812025,43.63302094
102,-79.41868755,43.63354216
103,-79.41817948,43.63315183
104,-79.41842848,43.63299722
105,-79.41830762,43.63308106
106,-79.41844947,43.63308291
107,-79.4185915,43.63319514
108,-79.41907781,43.63335477
109,-79.41862567,43.63320173
110,-79.4182804,43.63320096
111,-79.41878757,43.63344231
112,-79.41870494,43.63287795
113,-79.41880891,43.63306998
114,-79.41856648,43.63361038
115,-79.41886163,43.63323914
116,-79.41820675,43.63328935
117,-79.41873345,43.63318117
118,-79.41819043,43.63331703
119,-79.41886087,43.63286536
120,-79.41886944,43.6332088
121,-79.41848008,43.63360862
122,-79.41840424,43.63353679
123,-79.41876836,43.63303649
124,-79.41860997,43.63279259
125,-79.41823244,43.63332649
126,-79.41831871,43.63313499
127,-79.41875132,43.63339214
128,-79.41842394,43.63341925
129,-79.41834147,43.63348717
130,-79.41804743,43.63308466
131,-79.41869536,43.63304196
132,-79.41844946,43.63318888
133,-79.41819632,43.63288044
134,-79.41874245,43.63298961
135,-79.41908003,43.63357091
136,-79.41836766,43.63293632
137,-79.41804513,43.63299461
138,-79.41855063,43.63280522
139,-79.41843652,43.63330248
140,-79.41876314,43.63350334
141,-79.41803877,43.63304859
142,-79.41806129,43.63312586
143,-79.41815699,43.63300766
144,-79.4183123,43.63301415
145,-79.41851326,43.63303665
146,-79.41894482,43.63310125
147,-79.41839986,43.63303139
148,-79.41885337,43.6331983
149,-79.41905699,43.63323041
150,-79.41884796,43.63328624
151,-79.41889993,43.63306688
152,-79.41812652,43.63293016
153,-79.41877113,43.63312422
154,-79.41858914,43.63281157
155,-79.41848994,43.63366085
156,-79.41883101,43.63284864
157,-79.41867665,43.63341982
158,-79.41853351,43.63351265
159,-79.41852513,43.63326388
160,-79.4185916,43.63284284
161,-79.41825184,43.63322195
162,-79.41832264,43.63324753
163,-79.41844349,43.63374019
164,-79.41874712,43.63282099
165,-79.41856231,43.63288825
166,-79.41888107,43.63302581
167,-79.41857528,43.63336408
168,-79.41906993,43.63345384
169,-79.41904606,43.6335765
170,-79.41890044,43.63333626
171,-79.41853152,43.63299403
172,-79.41850294,43.63330926
173,-79.41841437,43.63278802
174,-79.41837194,43.63288426
175,-79.41826275,43.63339161
176,-79.41827853,43.63308272
177,-79.4184314,43.63311731
178,-79.41852573,43.63332858
179,-79.41826471,43.63346739
180,-79.4182731,43.63340663
181,-79.41891058,43.63318036
182,-79.41878554,43.63321057
183,-79.41902925,43.63335039
184,-79.41863114,43.63326487
185,-79.41858682,43.63290227
186,-79.41902229,43.6334051
187,-79.4180365,43.63300904
188,-79.41848016,43.63294164
189,-79.41848905,43.63368162
190,-79.41851204,43.63307793
191,-79.4187608,43.63328896
192,-79.41877638,43.63324192
193,-79.41859675,43.63329808
194,-79.41859797,43.63312919
195,-79.41846027,43.63324516
196,-79.41854414,43.63371828
197,-79.41832707,43.63344535
198,-79.41831381,43.63311575
199,-79.41866191,43.63279762
200,-79.41884212,43.63354721
201,-79.41846177,43.63333058
202,-79.41852056,43.63361977
203,-79.41828738,43.63325874
204,-79.41875438,43.63289751
205,-79.41843033,43.63373225
206,-79.41864582,43.63342846
207,-79.41879082,43.63278042
208,-79.41892344,43.63312005
209,-79.41841834,43.63335174
210,-79.41851331,43.63288073
211,-79.41861154,43.63329307
212,-79.41872573,43.63337175
213,-79.41882278,43.63331489
214,-79.41849631,43.6328443
215,-79.41870166,43.63324156
216,-79.41879966,43.63319459
217,-79.41880579,43.63360141
218,-79.41848089,43.63279294
219,-79.41803474,43.63301557
220,-79.41881012,43.63340043
221,-79.41854573,43.63274922
222,-79.41913735,43.63351159
223,-79.41843025,43.63302777
224,-79.4187479,43.63302972
225,-79.41867114,43.6336663
226,-79.41834913,43.63280394
227,-79.41838859,43.63339173
228,-79.41883824,43.6334515
229,-79.41916815,43.63355359
230,-79.41796738,43.63294873
231,-79.4190309,43.63338101
232,-79.41830314,43.6334786
233,-79.41848909,43.63352407
234,-79.41873287,43.63314709
235,-79.41887939,43.63335816
236,-79.41852027,43.63346553
237,-79.41879959,43.63319471
238,-79.41846589,43.63304053
239,-79.41877848,43.63341782
240,-79.41887,43.63305232
241,-79.41857109,43.63365139
242,-79.41866754,43.63277144
243,-79.4183505,43.63301904
244,-79.41857093,43.6335209
245,-79.41831489,43.63333547
246,-79.41849294,43.63338416
247,-79.41858588,43.63345742
248,-79.41870189,43.63362922
249,-79.41866212,43.63293181
250,-79.41912921,43.63340007
251,-79.41870325,43.63341742
252,-79.41889676,43.63337057
253,-79.41849331,43.63290258
254,-79.41812518,43.63307785
255,-79.41877341,43.63306145
256,-79.41817442,43.63333691
257,-79.41865431,43.63295119
258,-79.4185745,43.63356733
259,-79.4183321,43.6331929
260,-79.41850387,43.63286345
261,-79.41850672,43.63302623
262,-79.41879258,43.6336564
263,-79.41845645,43.63340436
264,-79.41897681,43.63307387
265,-79.41890362,43.63316424
266,-79.41877753,43.63339349
267,-79.4186568,43.63319846
268,-79.41904764,43.63343074
269,-79.41839786,43.63318518
270,-79.41827205,43.63322549
271,-79.41874055,43.63270512
272,-79.41872465,43.63336829
273,-79.41870385,43.63355002
274,-79.41861355,43.63309366
275,-79.41873663,43.63339847
276,-79.41859928,43.63314098
277,-79.41881438,43.63324715
278,-79.41842501,43.63330601
279,-79.41902872,43.63340766
280,-79.41810677,43.63303423
281,-79.4188986,43.63354053
282,-79.41836129,43.63319532
283,-79.41839727,43.63338915
284,-79.41831515,43.63285046
285,-79.41843824,43.6333245
286,-79.4184829,43.63371262
287,-79.41889831,43.63338051
288,-79.41854935,43.63361946
289,-79.41885174,43.63354745
290,-79.41826024,43.63299686
291,-79.41847703,43.6331401
292,-79.41796909,43.63290398
293,-79.41863792,43.63345988
294,-79.41890062,43.63362
295,-79.41842858,43.63329315
296,-79.41828745,43.63343687
297,-79.4181793,43.63289322
298,-79.41861037,43.63291577
299,-79.4185937,43.6337097
300,-79.41884023,43.63361968
301,-79.41812462,43.63298839
302,-79.41863277,43.63325452
303,-79.41910655,43.63356712
304,-79.41844023,43.63334482
305,-79.41850879,43.63325213
306,-79.4184164,43.63305433
307,-79.41805806,43.63311916
308,-79.41871288,43.63358221
309,-79.41899409,43.63319501
310,-79.41873337,43.63312277
311,-79.41888189,43.63290808
312,-79.41890608,43.63326528
313,-79.41868149,43.63324869
314,-79.41837332,43.63322202
315,-79.41874547,43.6333264
316,-79.41844351,43.6335022
317,-79.41855757,43.63273573
318,-79.4188132,43.6329926
319,-79.41913857,43.63355429
320,-79.41842223,43.63297119
321,-79.41829261,43.63286833
322,-79.41884281,43.63338692
323,-79.41871324,43.6334482
324,-79.41842359,43.63282956
325,-79.41884735,43.63296321
326,-79.41873573,43.6328929
327,-79.41881145,43.63298101
328,-79.4184513,43.63361887
329,-79.41830724,43.63295022
330,-79.41890452,43.63353897
331,-79.41855269,43.63366216
332,-79.41843073,43.63306853
333,-79.41842493,43.63346649
334,-79.41908035,43.63349945
335,-79.41865916,43.63331063
336,-79.41836492,43.63307119
337,-79.41887037,43.63290833
338,-79.41874167,43.63323722
339,-79.41864546,43.63308813
340,-79.41855337,43.63329781
341,-79.41847171,43.63289849
342,-79.41848363,43.63347455
343,-79.41818856,43.63332268
344,-79.4186137,43.63316883
345,-79.41862158,43.63360818
346,-79.4186995,43.63353741
347,-79.41893707,43.63328826
348,-79.41898403,43.63314229
349,-79.4183556,43.6328012
350,-79.41845482,43.63292581
351,-79.41910861,43.63344648
352,-79.41867385,43.6333057
353,-79.41852781,43.63364832
354,-79.41799218,43.6329292
355,-79.41837862,43.63369957
356,-79.41826666,43.63332634
357,-79.41903841,43.63342604
358,-79.41875963,43.63292888
359,-79.41846092,43.63374495
360,-79.41862435,43.63356402
361,-79.41895135,43.63339966
362,-79.41914569,43.63342672
363,-79.41872786,43.63325628
364,-79.41882403,43.633037
365,-79.41843996,43.63313834
366,-79.4184584,43.63297672
367,-79.4183301,43.63292551
368,-79.41874199,43.63287239
369,-79.41873693,43.63365237
370,-79.41817324,43.63305331
371,-79.41897851,43.63358962
372,-79.41866497,43.63296584
373,-79.4187218,43.63292553
374,-79.41860909,43.63294122
375,-79.41820419,43.63297106
376,-79.41826374,43.63337603
377,-79.41805767,43.63291247
378,-79.41862824,43.63328352
379,-79.41852034,43.6334894
380,-79.41859316,43.63296104
381,-79.4190405,43.633239
382,-79.4187131,43.63269799
383,-79.41845085,43.63365478
384,-79.41858276,43.63301549
385,-79.41832664,43.63358096
386,-79.4184352,43.63342113
387,-79.41859045,43.63371438
388,-79.41832632,43.63344123
389,-79.41907501,43.63352327
390,-79.41837357,43.63307606
391,-79.41876187,43.63288334
392,-79.41890554,43.63292257
393,-79.41850023,43.63333779
394,-79.41839223,43.63359243
395,-79.41897297,43.63355692
396,-79.41883519,43.63322682
397,-79.41865805,43.63362563
398,-79.41891044,43.63355819
399,-79.41872189,43.63293059
400,-79.41860592,43.6329666
401,-79.41857498,43.63333716
402,-79.41830161,43.63328545
403,-79.41875921,43.63292363
404,-79.41863416,43.63274278
405,-79.41920364,43.63354954
406,-79.41857898,43.63316404
407,-79.41896608,43.6331353
408,-79.41852402,43.6329373
409,-79.41855207,43.63340765
410,-79.41855814,43.63315919
411,-79.41891689,43.63325466
412,-79.41896503,43.63332155
413,-79.41872671,43.63365181
414,-79.41869994,43.63353185
415,-79.4187917,43.632774
416,-79.4185991,43.63335742
417,-79.4190155,43.63322989
418,-79.41829958,43.63290582
419,-79.41858098,43.63302193
420,-79.41830631,43.63301394
421,-79.41842087,43.6330847
422,-79.4182698,43.63346614
423,-79.41885685,43.6331036
424,-79.41820209,43.63286613
425,-79.41869643,43.63290808
426,-79.41840543,43.63296201
427,-79.41855245,43.63353663
428,-79.41886588,43.63342686
429,-79.41892512,43.63358548
430,-79.41870742,43.63271162
431,-79.41813648,43.63310836
432,-79.41844177,43.63325761
433,-79.41821681,43.63302582
434,-79.41911211,43.63337665
435,-79.41866461,43.63279309
436,-79.41844112,43.63337544
437,-79.41799,43.63296075
438,-79.41875125,43.63333836
439,-79.41875498,43.63332207
440,-79.41819385,43.63289734
441,-79.41866808,43.63353181
442,-79.41848978,43.63315553
443,-79.4185977,43.63294858
444,-79.41848815,43.6333711
445,-79.4187688,43.63321004
446,-79.41881093,43.6327639
447,-79.4188525,43.63324557
448,-79.41871717,43.63290483
449,-79.41861995,43.6334019
450,-79.41897648,43.63331801
451,-79.41870604,43.63342869
452,-79.41842745,43.63279239
453,-79.41911616,43.63353246
454,-79.41824836,43.63311216
455,-79.41824414,43.63334242
456,-79.41867931,43.63317996
457,-79.41905475,43.63333969
458,-79.41856798,43.63297008
459,-79.41872004,43.63351385
460,-79.41841263,43.63360467
461,-79.41909957,43.63338435
462,-79.41852307,43.63352244
463,-79.41864389,43.633611
464,-79.4183153,43.63309837
465,-79.41857501,43.63275421
466,-79.41850282,43.63369085
467,-79.41827744,43.63307971
468,-79.4182213,43.63308348
469,-79.41870427,43.63298049
470,-79.41874122,43.63342238
471,-79.41881473,43.63324315
472,-79.41901986,43.63337605
473,-79.41885512,43.63285027
474,-79.4185497,43.63304239
475,-79.41829873,43.63330607
476,-79.4183114,43.63288978
477,-79.41813995,43.63295315
478,-79.41860018,43.63371863
479,-79.41805292,43.63301135
480,-79.41877911,43.63296541
481,-79.41869962,43.63322594
482,-79.41860169,43.63327964
483,-79.41823435,43.63341667
484,-79.418275,43.63297817
485,-79.41872856,43.63291773
486,-79.41819944,43.63335016
487,-79.41884304,43.63291281
488,-79.41844908,43.63309018
489,-79.4188789,43.63341518
490,-79.41856817,43.63343414
491,-79.41842644,43.63283112
492,-79.41801462,43.63301426
493,-79.41855382,43.63348128
494,-79.41838115,43.63282842
495,-79.41879989,43.63293782
496,-79.41910038,43.63352959
497,-79.41882236,43.63287808
498,-79.41826118,43.63334154
499,-79.41818888,43.63321297
500,-79.41877155,43.63313942
501,-79.41891121,43.633597
502,-79.41890331,43.63337598
503,-79.41881825,43.63362241
504,-79.41862406,43.63346538
505,-79.4185999,43.63337141
506,-79.41850028,43.63325689
507,-79.41915112,43.63350678
508,-79.41863318,43.63342154
509,-79.41846442,43.63370908
510,-79.41828711,43.63332768
511,-79.41863423,43.63340144
512,-79.41854107,43.63356014
513,-79.4188252,43.63332236
514,-79.41904529,43.63353315
515,-79.41848482,43.63373863
516,-79.41914007,43.63351929
517,-79.41874077,43.63357135
518,-79.41906807,43.63331218
519,-79.41892641,43.63327794
520,-79.41834618,43.63349562
521,-79.41892799,43.63347728
522,-79.41848591,43.63332853
523,-79.41900291,43.63336871
524,-79.41866713,43.63346846
525,-79.41870502,43.63338281
526,-79.41912183,43.63343878
527,-79.41840502,43.63337967
528,-79.41889448,43.6332537
529,-79.41847417,43.63373346
530,-79.41854021,43.63343166
531,-79.41885418,43.63336475
532,-79.41863602,43.63341187
533,-79.41891632,43.63321947
534,-79.41872098,43.63359002
535,-79.41869596,43.63369354
536,-79.41892019,43.63362269
537,-79.41866444,43.63324173
538,-79.41886949,43.63360083
539,-79.41911688,43.63342035
540,-79.41873848,43.63344795
541,-79.41852561,43.6336678
542,-79.41834384,43.63343403
543,-79.41891146,43.63326502
544,-79.41874144,43.63353367
545,-79.41907583,43.63347413
546,-79.41884849,43.63336208
547,-79.41842319,43.63333499
548,-79.41849357,43.63347908
549,-79.41867045,43.63330434
550,-79.41874041,43.63360911
551,-79.41900376,43.6335569
552,-79.41826447,43.63346952
553,-79.41853165,43.63360091
554,-79.41898592,43.63329328
555,-79.41892836,43.63338108
556,-79.41884032,43.633498
557,-79.41893587,43.63336637
558,-79.41898718,43.63317273
559,-79.41890349,43.63352181
560,-79.4188131,43.63340155
561,-79.41852044,43.63341723
562,-79.41892422,43.63360439
563,-79.4186754,43.63359464
564,-79.41869497,43.63360179
565,-79.41885798,43.63363067
566,-79.41869403,43.633596
567,-79.41891259,43.63315915
568,-79.41902473,43.633481
569,-79.41865807,43.6335045
570,-79.41818835,43.63334608
571,-79.41848706,43.63339354
572,-79.41895521,43.63324612
573,-79.41880137,43.63330726
574,-79.41853109,43.63361737
575,-79.41885805,43.63320685
576,-79.41832168,43.63358099
577,-79.41908349,43.63356358
578,-79.41901209,43.63343873
579,-79.41844019,43.63369638
580,-79.41886015,43.63337204
581,-79.41890296,43.63345751
582,-79.41895802,43.63325554
583,-79.41861341,43.63338267
584,-79.41850784,43.63324183
585,-79.419038,43.63326191
586,-79.41903044,43.63344962
587,-79.4185243,43.63359315
588,-79.41831149,43.63333561
589,-79.41854748,43.63333887
590,-79.41834586,43.63332392
591,-79.4186599,43.63325613
592,-79.41901559,43.63346218
593,-79.41838467,43.6334831
594,-79.41887415,43.63314281
595,-79.41905876,43.63353325
596,-79.41843534,43.6335955
597,-79.4188959,43.63336229
598,-79.4184312,43.63343069
599,-79.4191452,43.63342968
600,-79.418463,43.63359924
601,-79.41882557,43.6335535
602,-79.41833328,43.63353902
603,-79.41830242,43.63330255
604,-79.41896308,43.63350551
605,-79.41882268,43.63357562
606,-79.41857193,43.63324222
607,-79.41889254,43.633259
608,-79.41897758,43.63349819
609,-79.41890852,43.6333283
610,-79.41856499,43.63348811
611,-79.41886387,43.63360966
612,-79.41827631,43.63333329
613,-79.41861176,43.6332481
614,-79.41850072,43.63373744
615,-79.41892982,43.6334085
616,-79.41878,43.63361228
617,-79.41872218,43.63321643
618,-79.41902555,43.63333138
619,-79.4183204,43.6334184
620,-79.41855922,43.63330787
621,-79.41878057,43.63328977
622,-79.4187792,43.6335141
623,-79.41895803,43.63336915
624,-79.41856228,43.63369774
625,-79.41897727,43.633519
626,-79.41876689,43.63329166
627,-79.41901029,43.63358625
628,-79.41837084,43.63346658
629,-79.41841367,43.6336713
630,-79.41907508,43.63356337
631,-79.41898562,43.63336812
632,-79.41849214,43.63369468
633,-79.41858166,43.63346995
634,-79.41867692,43.63330636
635,-79.41869102,43.6336601
636,-79.41918261,43.63352844
637,-79.41887587,43.63332165
638,-79.41873513,43.63364091
639,-79.4187376,43.63341551
640,-79.41872713,43.63346994
641,-79.41880392,43.63315597
642,-79.41849963,43.63364804
643,-79.41859313,43.63326099
644,-79.41902817,43.63359281
645,-79.41862481,43.63336343
646,-79.41843711,43.63326614
647,-79.41827821,43.63343447
648,-79.41888619,43.6333743
649,-79.41871763,43.63325405
650,-79.41860887,43.633657
651,-79.41883594,43.63338262
652,-79.41899235,43.63359482
653,-79.41894137,43.6333124
654,-79.4188859,43.63323345
655,-79.4182745,43.63331697
656,-79.41897664,43.63344507
657,-79.41907124,43.63342151
658,-79.41836767,43.63340618
659,-79.41881998,43.63330109
660,-79.41862304,43.63368745
661,-79.41843896,43.63342615
662,-79.41874504,43.63352261
663,-79.41851062,43.63359963
664,-79.41861307,43.63367218
665,-79.41844241,43.63366693
666,-79.41895456,43.63323265
667,-79.41876448,43.63318342
668,-79.41836592,43.63352392
669,-79.41910959,43.63352607
670,-79.41855495,43.63331904
671,-79.41866343,43.63324917
672,-79.41817608,43.63333139
673,-79.4187285,43.63358062
674,-79.41840848,43.63352822
675,-79.4188047,43.63345867
676,-79.4187827,43.63347201
677,-79.41860473,43.63344237
678,-79.41866445,43.6334305
679,-79.41856502,43.63348146
680,-79.41839575,43.63336766
681,-79.4183469,43.63337496
682,-79.41900136,43.63329805
683,-79.41830289,43.63333763
684,-79.41900955,43.6333298
685,-79.41905116,43.63326924
686,-79.41873671,43.63354945
687,-79.41892332,43.63331474
688,-79.41863831,43.6335912
689,-79.41895031,43.63342994
690,-79.41861649,43.63365851
691,-79.41853033,43.63362446
692,-79.41895316,43.63339715
693,-79.41863804,43.63356319
694,-79.41877305,43.63321999
695,-79.41890084,43.63337579
696,-79.4186916,43.63349002
697,-79.41855414,43.63360213
698,-79.41864145,43.63361688
699,-79.41865558,43.63336492
700,-79.41896195,43.63323685
701,-79.41821809,43.63331365
702,-79.41878045,43.63348699
703,-79.41825355,43.63340033
704,-79.41907381,43.63343161
705,-79.41879537,43.63318455
706,-79.41865278,43.63331083
707,-79.41904537,43.63352213
708,-79.41862791,43.63338862
709,-79.41823414,43.63341714
710,-79.41859843,43.63322196
711,-79.41880549,43.63317768
712,-79.4186971,43.63337038
713,-79.41856994,43.63350129
714,-79.41893091,43.63358609
715,-79.41863394,43.63371193
716,-79.41882541,43.63318594
717,-79.41857554,43.63372799
718,-79.4189832,43.63326814
719,-79.41895293,43.63350613
720,-79.41863442,43.63344967
721,-79.41880691,43.63326433
722,-79.4188814,43.63324633
723,-79.41881908,43.63365683
724,-79.4186694,43.63343597
725,-79.4184486,43.6332651
726,-79.41829693,43.63339133
727,-79.41839308,43.63363077
728,-79.41868643,43.63355118
729,-79.4185552,43.63365987
730,-79.41831049,43.63346685
731,-79.41876858,43.63320431
732,-79.41916263,43.63349465
733,-79.41837812,43.63345934
734,-79.41866072,43.63359379
735,-79.41907969,43.63347138
736,-79.41833341,43.63336856
737,-79.41857159,43.63365887
738,-79.41898616,43.63358504
739,-79.41839987,43.633711
740,-79.41853049,43.6334287
741,-79.41863169,43.63348475
742,-79.41876639,43.63346394
743,-79.4188851,43.63313889
744,-79.41857997,43.6335666
745,-79.41911094,43.63349406
746,-79.41899596,43.63326213
747,-79.41858259,43.63324783
748,-79.41848484,43.63333996
749,-79.41847233,43.63331575
750,-79.41847519,43.63367479
751,-79.41823525,43.63336138
752,-79.41898566,43.63314721
753,-79.41865033,43.63328498
754,-79.41881011,43.63358135
755,-79.41894738,43.63324273
756,-79.41900556,43.63356734
757,-79.41830583,43.63356222
758,-79.41877369,43.63338416
759,-79.41867515,43.63339374
760,-79.4183309,43.63333261
761,-79.41882421,43.63334287
762,-79.4189028,43.63314478
763,-79.41858359,43.63343469
764,-79.41880565,43.63361104
765,-79.41862906,43.63346506
766,-79.41855713,43.63366771
767,-79.41907895,43.63344248
768,-79.41840891,43.63339861
769,-79.4184959,43.63344563
770,-79.41834343,43.63360658
771,-79.41860791,43.63341464
772,-79.41898851,43.63328418
773,-79.41901103,43.63344861
774,-79.41879475,43.63365292
775,-79.41903606,43.63353487
776,-79.41826818,43.63339752
777,-79.4187798,43.63359957
778,-79.41853243,43.63337355
779,-79.41860051,43.63371805
780,-79.41914531,43.63352115
781,-79.41861275,43.63352515
782,-79.41850995,43.63367695
783,-79.41846463,43.63353227
784,-79.4183486,43.63363992
785,-79.41862518,43.63323895
786,-79.41899306,43.63336765
787,-79.41890202,43.63351723
788,-79.41860947,43.63330088
789,-79.41868793,43.63347693
790,-79.41840802,43.63341481
791,-79.41834697,43.63348814
792,-79.41873937,43.63331183
793,-79.41863579,43.63351991
794,-79.41829534,43.63351332
795,-79.41878413,43.63356109
796,-79.41853647,43.63360842
797,-79.41882403,43.63324867
798,-79.41875985,43.63335783
799,-79.41844237,43.6332727
800,-79.41835114,43.63348672
801,-79.41919441,43.63353842
802,-79.41920628,43.63355281
803,-79.41873651,43.63336588
804,-79.41845932,43.63333382
805,-79.41907039,43.63339283
806,-79.41873058,43.63331494
807,-79.41854786,43.63346922
808,-79.41902274,43.63324929
809,-79.41875289,43.63358513
810,-79.41849135,43.63362175
811,-79.41858255,43.6334906
812,-79.41906019,43.63336421
813,-79.4189173,43.63353927
814,-79.41887022,43.63346208
815,-79.41848802,43.63375412
816,-79.41905808,43.63339694
817,-79.41847937,43.63354513
818,-79.4189478,43.6335679
819,-79.41821798,43.63334466
820,-79.41845544,43.63372148
821,-79.41840088,43.63335563
822,-79.41864115,43.63336585
823,-79.41860471,43.63352937
824,-79.41833106,43.63358915
825,-79.41862343,43.63346917
826,-79.41850345,43.63331111
827,-79.41892373,43.63330459
828,-79.41876686,43.63359332
829,-79.41914085,43.63351473
830,-79.41872956,43.63325827
831,-79.41877657,43.63341949
832,-79.41836959,43.63327293
833,-79.41856545,43.63322749
834,-79.41888041,43.63328328
835,-79.41830481,43.63355077
836,-79.41826074,43.63332549
837,-79.41884906,43.633293
838,-79.41865622,43.63347234
839,-79.41905922,43.63342032
840,-79.418667,43.63331672
841,-79.41849615,43.63356457
842,-79.41895854,43.63328019
843,-79.41878069,43.63348537
844,-79.41868974,43.63367495
845,-79.41887605,43.6335566
846,-79.41863513,43.63340201
847,-79.4191543,43.6334686
848,-79.41848046,43.63374276
849,-79.41839434,43.63334045
850,-79.41880893,43.63343095
851,-79.41871645,43.6335053
852,-79.41875976,43.63339943
853,-79.41861019,43.63337796
854,-79.41846173,43.63341669
855,-79.41828995,43.63334513
856,-79.41848969,43.63329782
857,-79.41882239,43.6334403
858,-79.41852739,43.63327903
859,-79.41844635,43.63338951
860,-79.41832389,43.63330741
861,-79.41892655,43.63321196
862,-79.4187955,43.63359362
863,-79.4187767,43.63318464
864,-79.41905934,43.63331096
865,-79.41867546,43.63354875
866,-79.41884797,43.63342249
867,-79.41860716,43.63364047
868,-79.41867284,43.63345998
869,-79.41843183,43.633398
870,-79.41872257,43.63365288
871,-79.41838603,43.63332
872,-79.41869122,43.63342171
873,-79.41885579,43.63350082
874,-79.41877168,43.63365017
875,-79.41900103,43.63354672
876,-79.41848237,43.63348445
877,-79.41840912,43.63327286
878,-79.41890577,43.63346505
879,-79.41875577,43.63367553
880,-79.41897006,43.63341905
881,-79.41896656,43.63331218
882,-79.41859223,43.63326078
883,-79.41879801,43.63322301
884,-79.41872705,43.63318683
885,-79.4184765,43.63365889
886,-79.41881084,43.63366341
887,-79.41865661,43.63345783
888,-79.41870378,43.63343805
889,-79.419036,43.6335054
890,-79.41911109,43.63348332
891,-79.41886811,43.6331504
892,-79.41868138,43.63321049
893,-79.4189138,43.63339976
894,-79.41842992,43.63344496
895,-79.41832431,43.63330643
896,-79.41838577,43.63371019
897,-79.41857837,43.63372369
898,-79.41884392,43.63323566
899,-79.41822828,43.63338718
900,-79.41912501,43.63350838
901,-79.41883037,43.63321153
902,-79.41851647,43.6335727
903,-79.41824902,43.63333809
904,-79.4185427,43.63371884
905,-79.41890039,43.63333797
906,-79.41898774,43.63357927
907,-79.41897101,43.63326176
908,-79.41868801,43.63336824
909,-79.4188816,43.63350536
910,-79.41829634,43.63331915
911,-79.41868702,43.63323829
912,-79.41912268,43.63355735
913,-79.41876524,43.63366668
914,-79.4184867,43.63347733
915,-79.41886835,43.63356018
916,-79.41826969,43.63341176
917,-79.41891248,43.63313598
918,-79.41847802,43.6336082
919,-79.41823914,43.63338252
920,-79.41845657,43.63370168
921,-79.41886942,43.63322117
922,-79.41865574,43.63354432
923,-79.41901335,43.63358751
924,-79.41835652,43.63348262
925,-79.41894048,43.63332587
926,-79.41858703,43.63336721
927,-79.41878943,43.63330278
928,-79.41899705,43.63342909
929,-79.41860451,43.63325316
930,-79.41848511,43.63324227
931,-79.41881722,43.63351048
932,-79.41900094,43.63359288
933,-79.41891803,43.63359734
934,-79.41886707,43.63322459
935,-79.41904014,43.63353683
936,-79.41854635,43.63337224
937,-79.41880604,43.6332889
938,-79.41863833,43.63339078
939,-79.41884497,43.63324217
940,-79.41873987,43.63346421
941,-79.41886877,43.63351787
942,-79.4188985,43.63344835
943,-79.41880273,43.63348771
944,-79.41891188,43.63322868
945,-79.41895565,43.63350863
946,-79.41844438,43.63376827
947,-79.41855533,43.63356176
948,-79.41888439,43.63321591
949,-79.41851215,43.6337479
950,-79.41893009,43.63317623
951,-79.41846249,43.63337766
952,-79.41864464,43.63352451
953,-79.41888768,43.63332813
954,-79.41853502,43.63340039
955,-79.41867283,43.63331148
956,-79.41844331,43.63359358
957,-79.41848839,43.63356077
958,-79.41879093,43.63319481
959,-79.41884156,43.63326679
960,-79.41863793,43.63332584
961,-79.41885858,43.63342617
962,-79.41846373,43.63338215
963,-79.41823071,43.63338746
964,-79.41874366,43.63341447
965,-79.41869293,43.6335303
966,-79.41912889,43.63353126
967,-79.41885329,43.63353479
968,-79.41866206,43.63353065
969,-79.41830515,43.63355157
970,-79.41823208,43.63343319
971,-79.41842987,43.63338515
972,-79.41858924,43.63333122
973,-79.41864583,43.63346557
974,-79.41860663,43.63330768
975,-79.41898221,43.63336778
976,-79.41885573,43.63362871
977,-79.41903597,43.6334655
978,-79.41841803,43.63329378
979,-79.41866978,43.63339319
980,-79.418963,43.63348281
981,-79.41891709,43.63321872
982,-79.41885655,43.63316048
983,-79.41842425,43.63368509
984,-79.41894181,43.63313665
985,-79.41830508,43.6335128
986,-79.4190431,43.6332805
987,-79.41862242,43.63345203
988,-79.41890822,43.63335864
989,-79.41845223,43.63326027
990,-79.41876369,43.63357907
991,-79.41843023,43.63365472
992,-79.41881539,43.63340383
993,-79.41897332,43.63336624
994,-79.4187743,43.63366205
995,-79.41889052,43.63336429
996,-79.41846982,43.63361828
997,-79.41829181,43.63331406
998,-79.41843675,43.63373137
999,-79.41889689,43.63325681
1000,-79.41881041,43.63349756
1001,-79.41853596,43.63287191
1002,-79.41808372,43.63306724
1003,-79.41834068,43.6328551
1004,-79.41841317,43.63300173
1005,-79.41845679,43.63318774
1006,-79.41808826,43.63301606
1007,-79.4181276,43.63292888
1008,-79.41811302,43.63299581
1009,-79.41828405,43.63292006
1010,-79.41841792,43.63307161
1011,-79.41822875,43.63330927
1012,-79.41818053,43.63331593
1013,-79.41843715,43.63284225
1014,-79.41868097,43.6327707
1015,-79.41832867,43.63284819
1016,-79.41812016,43.63285945
1017,-79.41876935,43.63314382
1018,-79.41850346,43.63313397
1019,-79.41852088,43.63295232
1020,-79.41837242,43.63283536
1021,-79.41801304,43.63296608
1022,-79.41830406,43.63299964
1023,-79.4186994,43.63315886
1024,-79.41875141,43.63309578
1025,-79.41859461,43.63287606
1026,-79.41835342,43.63285927
1027,-79.41860902,43.63302455
1028,-79.41818267,43.63306382
1029,-79.41827872,43.63312196
1030,-79.41833764,43.63295836
1031,-79.41845507,43.63295288
1032,-79.41839753,43.63318684
1033,-79.41839468,43.63289889
1034,-79.41864257,43.63301362
1035,-79.41860897,43.63275111
1036,-79.41847166,43.63320471
1037,-79.41886571,43.6331335
1038,-79.41880522,43.6330604
1039,-79.41874088,43.63307341
1040,-79.41879037,43.63309983
1041,-79.41846976,43.63322299
1042,-79.41879221,43.63277156
1043,-79.41879453,43.63308657
1044,-79.4187232,43.63287466
1045,-79.41866779,43.63282988
1046,-79.41850875,43.63277945
1047,-79.41860026,43.6331963
1048,-79.41819647,43.63303746
1049,-79.41834508,43.63300544
1050,-79.41873609,43.63279399
1051,-79.41813745,43.63290953
1052,-79.41853641,43.63309748
1053,-79.41877596,43.6328702
1054,-79.41867648,43.63275445
1055,-79.41829631,43.63281185
1056,-79.4186206,43.63274685
1057,-79.41805492,43.63303847
1058,-79.41817864,43.63323837
1059,-79.41828653,43.63319819
1060,-79.41801563,43.63290134
1061,-79.41813059,43.63313548
1062,-79.4187735,43.63308984
1063,-79.41853909,43.6331417
1064,-79.41844028,43.63299232
1065,-79.41848604,43.63317895
1066,-79.41854437,43.63318302
1067,-79.41889972,43.63301949
1068,-79.41845436,43.63314497
1069,-79.41816322,43.63294734
1070,-79.41828841,43.6330927
1071,-79.4183809,43.63302796
1072,-79.41819788,43.63301985
1073,-79.41838157,43.63279011
1074,-79.41884279,43.63298913
1075,-79.41861183,43.63315126
1076,-79.41855398,43.63320922
1077,-79.41851469,43.63309662
1078,-79.41848867,43.63291632
1079,-79.41817304,43.63326818
1080,-79.41812845,43.63315394
1081,-79.41818761,43.63331722
1082,-79.41836835,43.63324437
1083,-79.41870433,43.63281883
1084,-79.41840106,43.63324476
1085,-79.41857545,43.63314134
1086,-79.41830134,43.63298998
1087,-79.41843931,43.63279029
1088,-79.41843956,43.63301561
1089,-79.41872638,43.63307206
1090,-79.4181766,43.63330845
1091,-79.41809385,43.63298306
1092,-79.41844103,43.63279109
1093,-79.41817325,43.63301646
1094,-79.41878307,43.63304177
1095,-79.41810692,43.63297729
1096,-79.41849177,43.63300752
1097,-79.41817012,43.63313949
1098,-79.41868951,43.6328525
1099,-79.41876275,43.63273833
1100,-79.41830483,43.6329818
1101,-79.41822461,43.63302063
1102,-79.41824788,43.63292421
1103,-79.41833757,43.63290045
1104,-79.41869302,43.63315891
1105,-79.41815429,43.63317709
1106,-79.41842185,43.63279278
1107,-79.4183837,43.63306694
1108,-79.41846973,43.6330059
1109,-79.41819271,43.63329451
1110,-79.41824343,43.63282776
1111,-79.41847951,43.63293179
1112,-79.41824612,43.63303715
1113,-79.4185905,43.63301798
1114,-79.41879641,43.632938
1115,-79.41850826,43.63294455
1116,-79.41821549,43.63327115
1117,-79.41884538,43.63310902
1118,-79.41808104,43.63289979
1119,-79.41830779,43.63282753
1120,-79.41824578,43.63299997
1121,-79.41826862,43.63309693
1122,-79.41837861,43.63293547
1123,-79.4181762,43.63284539
1124,-79.41817041,43.63325472
1125,-79.41817428,43.63304792
1126,-79.41861811,43.6331357
1127,-79.41888788,43.63311812
1128,-79.41848583,43.63305642
1129,-79.41833956,43.63305904
1130,-79.41836425,43.63309659
1131,-79.41863863,43.63317618
1132,-79.41846764,43.63288917
1133,-79.41844669,43.63300435
1134,-79.41855031,43.63274804
1135,-79.41873831,43.6330396
1136,-79.4182304,43.63287937
1137,-79.41814431,43.63321234
1138,-79.41834778,43.63282394
1139,-79.41863917,43.63286078
1140,-79.4181812,43.63291464
1141,-79.41840091,43.63295046
1142,-79.41849127,43.6328376
1143,-79.41824076,43.63308798
1144,-79.41875136,43.63302783
1145,-79.41814087,43.63289929
1146,-79.41844831,43.63299588
1147,-79.41835803,43.63285752
1148,-79.4182036,43.63288154
1149,-79.41858603,43.63313677
1150,-79.41840102,43.63292832
1151,-79.41862283,43.63281677
1152,-79.41814956,43.63323211
1153,-79.41833994,43.63305839
1154,-79.41843662,43.6329568
1155,-79.41818862,43.63304862
1156,-79.41875299,43.6327533
1157,-79.41829103,43.63309793
1158,-79.41859293,43.6328524
1159,-79.41848399,43.63320493
1160,-79.41828225,43.63320151
1161,-79.41868878,43.63280881
1162,-79.41821855,43.63319663
1163,-79.41823591,43.63319079
1164,-79.41820541,43.63314211
1165,-79.41867922,43.63306405
1166,-79.41841976,43.63323282
1167,-79.41825694,43.63307536
1168,-79.41843958,43.63306638
1169,-79.41826535,43.63315136
1170,-79.4184593,43.63289345
1171,-79.41825776,43.63322847
1172,-79.41822905,43.63307757
1173,-79.41827933,43.63298869
1174,-79.41853745,43.63300511
1175,-79.41851109,43.63300879
1176,-79.41821442,43.63319792
1177,-79.4188842,43.63307195
1178,-79.41836507,43.63295427
1179,-79.41821717,43.63319559
1180,-79.41862597,43.63317504
1181,-79.4187582,43.63306061
1182,-79.4188416,43.63308353
1183,-79.41863329,43.63287272
1184,-79.41864236,43.63273554
1185,-79.41818147,43.63299342
1186,-79.41856913,43.63306843
1187,-79.41817587,43.63292156
1188,-79.41865162,43.63313214
1189,-79.41818343,43.63321072
1190,-79.41873019,43.63290691
1191,-79.41845669,43.63324978
1192,-79.41810202,43.63313333
1193,-79.41817709,43.63324982
1194,-79.41892184,43.63308413
1195,-79.41820109,43.63288342
1196,-79.41833435,43.6331716
1197,-79.41817982,43.63325555
1198,-79.41838256,43.63324512
1199,-79.41868503,43.63300654
1200,-79.41830151,43.63301592
1201,-79.41866142,43.63304285
1202,-79.41884924,43.63304152
1203,-79.41861481,43.63284844
1204,-79.41888545,43.63294767
1205,-79.41891171,43.63310955
1206,-79.41879628,43.63293787
1207,-79.41819471,43.63294445
1208,-79.41880565,43.63290395
1209,-79.41807401,43.63310422
1210,-79.41866388,43.63286329
1211,-79.41869047,43.63299792
1212,-79.41873261,43.63308412
1213,-79.4184641,43.63286967
1214,-79.41817794,43.63317454
1215,-79.41851592,43.6330155
1216,-79.41882708,43.63293211
1217,-79.41823907,43.63323569
1218,-79.41862726,43.63273911
1219,-79.418828,43.63300329
1220,-79.41817955,43.63306783
1221,-79.41835921,43.6330258
1222,-79.41883225,43.63284178
1223,-79.41832968,43.63289146
1224,-79.41847207,43.63308127
1225,-79.41867384,43.63297831
1226,-79.41797306,43.63290487
1227,-79.41820912,43.63330229
1228,-79.4186104,43.63292576
1229,-79.41801236,43.6328897
1230,-79.41877576,43.63314476
1231,-79.41882896,43.63287572
1232,-79.41877274,43.63292963
1233,-79.41859087,43.63278279
1234,-79.41808613,43.63312166
1235,-79.41884503,43.63308021
1236,-79.41817579,43.63328912
1237,-79.41812777,43.63303153
1238,-79.41847962,43.6328188
1239,-79.41877953,43.63303483
1240,-79.41871799,43.63298877
1241,-79.4181809,43.63320604
1242,-79.41838982,43.63301519
1243,-79.41798036,43.63290825
1244,-79.41874277,43.63278016
1245,-79.41865185,43.63296283
1246,-79.41895431,43.63308971
1247,-79.41815312,43.63289879
1248,-79.41840347,43.63293724
1249,-79.41860562,43.63301034
1250,-79.41840898,43.63311982
1251,-79.41858903,43.63314391
1252,-79.41826307,43.63330292
1253,-79.41884721,43.63308658
1254,-79.41867105,43.63281222
1255,-79.41844151,43.63280063
1256,-79.41838005,43.63288324
1257,-79.41861137,43.63308886
1258,-79.41819185,43.63293968
1259,-79.41854676,43.63298034
1260,-79.41886267,43.63296447
1261,-79.41875738,43.63284162
1262,-79.418381,43.63298662
1263,-79.41852103,43.63296313
1264,-79.41822846,43.63322107
1265,-79.4181084,43.6331161
1266,-79.41806354,43.63291837
1267,-79.4188528,43.63290001
1268,-79.41867841,43.63290629
1269,-79.41864724,43.63279206
1270,-79.41846231,43.63292141
1271,-79.41830966,43.63327983
1272,-79.4185078,43.6330056
1273,-79.41881985,43.63308214
1274,-79.4182162,43.63307227
1275,-79.41843586,43.6328124
1276,-79.41846326,43.63280067
1277,-79.41810024,43.63294976
1278,-79.41844435,43.63297097
1279,-79.41820135,43.63327906
1280,-79.41851171,43.63292888
1281,-79.4185769,43.63298377
1282,-79.41822733,43.63328642
1283,-79.41817545,43.6330509
1284,-79.41832479,43.63293022
1285,-79.41820931,43.63283357
1286,-79.41882694,43.63293683
1287,-79.41798351,43.63293146
1288,-79.41810636,43.63290278
1289,-79.41822686,43.63318869
1290,-79.4181901,43.63327619
1291,-79.41852835,43.63294102
1292,-79.41827597,43.63310015
1293,-79.41853651,43.6331247
1294,-79.41813336,43.63319585
1295,-79.41812422,43.63318585
1296,-79.41850617,43.63318289
1297,-79.41881275,43.63312956
1298,-79.41879015,43.6329428
1299,-79.41839441,43.63295291
1300,-79.41822174,43.63324141
1301,-79.41806373,43.63301676
1302,-79.41842631,43.63314132
1303,-79.41862845,43.63294094
1304,-79.418726,43.63282433
1305,-79.41818343,43.63286519
1306,-79.41841356,43.63305818
1307,-79.41873212,43.63270794
1308,-79.41856672,43.63298244
1309,-79.41852347,43.63310234
1310,-79.41877545,43.63279332
1311,-79.41817658,43.63332597
1312,-79.4182951,43.63281596
1313,-79.41816508,43.63287511
1314,-79.41868756,43.63313649
1315,-79.41845334,43.6329599
1316,-79.41841284,43.63291351
1317,-79.41818583,43.6328508
1318,-79.4186233,43.63294015
1319,-79.41842574,43.63309395
1320,-79.41823909,43.63316069
1321,-79.41812302,43.63302414
1322,-79.41820295,43.6328989
1323,-79.41853558,43.63296549
1324,-79.41877787,43.63315056
1325,-79.41836719,43.63303561
1326,-79.41866024,43.63306669
1327,-79.41821109,43.63324944
1328,-79.41861367,43.63316443
1329,-79.41860544,43.63284205
1330,-79.41855948,43.63322242
1331,-79.41878514,43.63286898
1332,-79.41851779,43.63305965
1333,-79.41814927,43.63305148
1334,-79.41886818,43.63296031
1335,-79.41856606,43.63299803
1336,-79.41856185,43.63293598
1337,-79.41863787,43.63308112
1338,-79.41826935,43.6329522
1339,-79.4187152,43.63305793
1340,-79.41810608,43.63302319
1341,-79.41891548,43.63308058
1342,-79.41814936,43.63300291
1343,-79.4189506,43.63311119
1344,-79.41859273,43.63299946
1345,-79.41872579,43.63298877
1346,-79.41838586,43.6328759
1347,-79.41879748,43.6330702
1348,-79.41878954,43.63287815
1349,-79.41810678,43.6330166
1350,-79.41840023,43.63319103
1351,-79.41851329,43.6330984
1352,-79.41866864,43.63279233
1353,-79.41853508,43.6331127
1354,-79.41824536,43.63320191
1355,-79.41819895,43.63295602
1356,-79.41879267,43.63308554
1357,-79.41820824,43.63284557
1358,-79.41847282,43.63322247
1359,-79.41839885,43.63283277
1360,-79.41806756,43.63309477
1361,-79.41857289,43.63284324
1362,-79.41840409,43.63310591
1363,-79.41807854,43.63287016
1364,-79.41875102,43.63312688
1365,-79.41827303,43.63311179
1366,-79.41846285,43.63280262
1367,-79.41867277,43.63306226
1368,-79.41818785,43.63331106
1369,-79.41848089,43.63296053
1370,-79.41856242,43.63318706
1371,-79.41810824,43.633102
1372,-79.41848063,43.6328822
1373,-79.41835636,43.63291424
1374,-79.41828317,43.63287576
1375,-79.41864206,43.632899
1376,-79.41866927,43.63283046
1377,-79.41799402,43.63293219
1378,-79.41837374,43.63326029
1379,-79.41852009,43.63308347
1380,-79.41828373,43.63296336
1381,-79.41850212,43.63298962
1382,-79.41848864,43.6328748
1383,-79.41858136,43.63278836
1384,-79.41820974,43.63288461
1385,-79.41837151,43.63313941
1386,-79.41832416,43.63282892
1387,-79.41834291,43.63291318
1388,-79.41852129,43.63299028
1389,-79.4187727,43.63312888
1390,-79.41856701,43.63284833
1391,-79.41871475,43.63271916
1392,-79.41827335,43.63323083
1393,-79.41844037,43.63325621
1394,-79.41858194,43.63282345
1395,-79.41866453,43.63308028
1396,-79.4185839,43.63314697
1397,-79.41846326,43.63277934
1398,-79.41871889,43.63298275
1399,-79.41843242,43.63283861
1400,-79.41815859,43.63327437
1401,-79.41873914,43.63292226
1402,-79.4185971,43.63280888
1403,-79.41809154,43.63295569
1404,-79.41887197,43.63298667
1405,-79.41816232,43.63302775
1406,-79.4185374,43.63322438
1407,-79.41885293,43.63312421
1408,-79.41866376,43.63297183
1409,-79.41859251,43.63274685
1410,-79.41863465,43.63308832
1411,-79.41876712,43.63303731
1412,-79.41859675,43.6330424
1413,-79.41845232,43.63325284
1414,-79.41862741,43.63298963
1415,-79.41841354,43.63300903
1416,-79.41837958,43.63309598
1417,-79.41820522,43.63331324
1418,-79.41834345,43.63306505
1419,-79.41828511,43.6330871
1420,-79.41817767,43.63291052
1421,-79.41861292,43.63308306
1422,-79.4182939,43.63291271
1423,-79.41879188,43.63306032
1424,-79.41870106,43.6331557
1425,-79.41853975,43.63321266
1426,-79.41846343,43.63319508
1427,-79.41846662,43.63305644
1428,-79.418138,43.63314036
1429,-79.41836582,43.63301344
1430,-79.41850564,43.63283983
1431,-79.41810443,43.63293671
1432,-79.41856702,43.63274632
1433,-79.41801808,43.63295294
1434,-79.41864943,43.63278492
1435,-79.41867929,43.63313984
1436,-79.41826914,43.63313495
1437,-79.41849739,43.63317554
1438,-79.41879746,43.63291864
1439,-79.41888719,43.63302355
1440,-79.41852153,43.63320481
1441,-79.41848579,43.63282377
1442,-79.41859945,43.63302532
1443,-79.41853685,43.63278096
1444,-79.41812382,43.63292826
1445,-79.41842874,43.63302603
1446,-79.4188186,43.63313134
1447,-79.41860965,43.63311304
1448,-79.41880896,43.63309649
1449,-79.41888147,43.63298113
1450,-79.41885424,43.63308804
1451,-79.41886166,43.63292761
1452,-79.41829404,43.63298461
1453,-79.41848598,43.63324577
1454,-79.41872971,43.63315568
1455,-79.41882265,43.63295235
1456,-79.41841907,43.6328469
1457,-79.41868277,43.63301026
1458,-79.41833983,43.63320965
1459,-79.41803799,43.63299811
1460,-79.41871276,43.63305993
1461,-79.41865496,43.63317418
1462,-79.41879024,43.63283772
1463,-79.41871233,43.6328126
1464,-79.41854357,43.63321518
1465,-79.41852152,43.63283626
1466,-79.41863091,43.63312225
1467,-79.41806391,43.63291026
1468,-79.41826466,43.63330114
1469,-79.41863547,43.63317652
1470,-79.41841242,43.63303682
1471,-79.41835294,43.63313472
1472,-79.41826809,43.63319287
1473,-79.41858412,43.63291778
1474,-79.41883647,43.63304434
1475,-79.4187428,43.63315735
1476,-79.41863981,43.63285203
1477,-79.41877692,43.63299684
1478,-79.41822195,43.63295529
1479,-79.41863277,43.63284508
1480,-79.41826342,43.63321127
1481,-79.41838821,43.63317718
1482,-79.41841823,43.63323294
1483,-79.41871029,43.63316175
1484,-79.41849312,43.63295177
1485,-79.41826276,43.63304403
1486,-79.4185854,43.63301873
1487,-79.41868177,43.63278113
1488,-79.41883503,43.63299485
1489,-79.41860714,43.63294504
1490,-79.4187148,43.63308695
1491,-79.4183202,43.63287017
1492,-79.41816955,43.63285771
1493,-79.41857768,43.6329981
1494,-79.41874334,43.63312511
1495,-79.41848114,43.63301405
1496,-79.41859917,43.63296882
1497,-79.41892977,43.63311609
1498,-79.41853691,43.63296088
1499,-79.41844539,43.63285354
1500,-79.41862219,43.63294749
1501,-79.41834651,43.63304501
1502,-79.41878495,43.63336454
1503,-79.41879546,43.63339177
1504,-79.41871171,43.63338883
1505,-79.41865495,43.63293864
1506,-79.4187058,43.63313058
1507,-79.41850243,43.6331031
1508,-79.41838846,43.63291879
1509,-79.41867472,43.63307056
1510,-79.41858208,43.63315719
1511,-79.4186533,43.63296184
1512,-79.41861601,43.6333024
1513,-79.41866135,43.63354514
1514,-79.41841475,43.63325837
1515,-79.41855578,43.63339341
1516,-79.41845694,43.63320332
1517,-79.41873615,43.63345509
1518,-79.41872816,43.63308418
1519,-79.41846978,43.63298239
1520,-79.41878009,43.63318046
1521,-79.41863827,43.6332443
1522,-79.41902468,43.63359262
1523,-79.41853259,43.6328169
1524,-79.41840122,43.63282612
1525,-79.41874389,43.63344508
1526,-79.41869542,43.63359703
1527,-79.41829841,43.63287956
1528,-79.41832117,43.633095
1529,-79.41883474,43.63326509
1530,-79.41878085,43.63342475
1531,-79.41864831,43.63320388
1532,-79.41875302,43.63320951
1533,-79.41828863,43.63301976
1534,-79.41854356,43.63287352
1535,-79.41889145,43.63336085
1536,-79.41852522,43.63298035
1537,-79.41875144,43.63311841
1538,-79.41865046,43.63288548
1539,-79.41863664,43.63349051
1540,-79.41840806,43.63322374
1541,-79.4183764,43.63309485
1542,-79.41844203,43.63312898
1543,-79.41853029,43.6328387
1544,-79.41861909,43.63306163
1545,-79.41825277,43.63299542
1546,-79.41869861,43.63327432
1547,-79.41839329,43.63286497
1548,-79.41862774,43.63317551
1549,-79.41896534,43.63346158
1550,-79.41847744,43.6330806
1551,-79.41863497,43.63342578
1552,-79.41870178,43.63302463
1553,-79.41888247,43.63337961
1554,-79.41857936,43.6332568
1555,-79.41881061,43.63322938
1556,-79.41879325,43.63336289
1557,-79.41853387,43.63320496
1558,-79.41824516,43.63288313
1559,-79.41838529,43.63314476
1560,-79.41843932,43.63303547
1561,-79.41861645,43.63328487
1562,-79.41895519,43.63345262
1563,-79.41855757,43.63313091
1564,-79.41871098,43.63358671
1565,-79.41871383,43.63350171
1566,-79.418814,43.63329715
1567,-79.41873964,43.63306288
1568,-79.41857942,43.63349267
1569,-79.41841019,43.63299968
1570,-79.41842465,43.63302465
1571,-79.41878179,43.63324484
1572,-79.41849783,43.63313393
1573,-79.41843332,43.63293182
1574,-79.41869136,43.63363455
1575,-79.41827601,43.63288615
1576,-79.41876901,43.63307045
1577,-79.41855151,43.63338967
1578,-79.41883902,43.63320494
1579,-79.41839079,43.63281748
1580,-79.41855041,43.63337517
1581,-79.41840714,43.63282249
1582,-79.41829786,43.63295069
1583,-79.41839293,43.63298781
1584,-79.41859491,43.63277591
1585,-79.41877231,43.63353918
1586,-79.41815524,43.63285347
1587,-79.41824517,43.63285039
1588,-79.41886475,43.63346346
1589,-79.41855438,43.63315877
1590,-79.4187564,43.6330618
1591,-79.41847259,43.63328292
1592,-79.41860071,43.63347868
1593,-79.41862105,43.63305514
1594,-79.41821284,43.63284012
1595,-79.41869552,43.63344625
1596,-79.41859004,43.63328233
1597,-79.41858139,43.63291176
1598,-79.41896799,43.63347211
1599,-79.41868166,43.63322601
1600,-79.41864859,43.63329864
1601,-79.41893409,43.63357244
1602,-79.4188223,43.63322336
1603,-79.41827408,43.63303023
1604,-79.41870036,43.63347257
1605,-79.41853947,43.63290278
1606,-79.41827909,43.63283914
1607,-79.41861997,43.63310436
1608,-79.41825484,43.63301321
1609,-79.41852558,43.63325222
1610,-79.41842509,43.63313776
1611,-79.41847399,43.63318859
1612,-79.41860385,43.63276666
1613,-79.41863539,43.63332223
1614,-79.4185714,43.63341202
1615,-79.41880943,43.63358442
1616,-79.41853159,43.63322952
1617,-79.41853784,43.63276536
1618,-79.41844785,43.63288048
1619,-79.41892108,43.63361552
1620,-79.41859889,43.63275901
1621,-79.41858057,43.63310592
1622,-79.41828717,43.63296211
1623,-79.41880478,43.63357389
1624,-79.41846162,43.6330188
1625,-79.41863517,43.63319601
1626,-79.41824194,43.63285514
1627,-79.41866705,43.63316266
1628,-79.41825695,43.63289947
1629,-79.41881508,43.63358064
1630,-79.41853772,43.63339352
1631,-79.41826648,43.63303929
1632,-79.4182226,43.6329071
1633,-79.41838223,43.63315084
1634,-79.41840663,43.63317862
1635,-79.41859176,43.63308546
1636,-79.4187955,43.63322474
1637,-79.41847519,43.63331793
1638,-79.4186169,43.63327956
1639,-79.41867169,43.63301613
1640,-79.41845241,43.63312088
1641,-79.41830003,43.63297004
1642,-79.41835505,43.63308129
1643,-79.4187679,43.63348099
1644,-79.41881255,43.633637
1645,-79.4185102,43.63319203
1646,-79.41871536,43.63358262
1647,-79.41892812,43.63360204
1648,-79.41873072,43.63367131
1649,-79.41868377,43.63333351
1650,-79.41847217,43.63315014
1651,-79.41860591,43.63329905
1652,-79.41838098,43.63300982
1653,-79.41876119,43.63337302
1654,-79.41846638,43.63324354
1655,-79.41853554,43.63299062
1656,-79.41885773,43.63344859
1657,-79.41864686,43.63284842
1658,-79.4187927,43.63311977
1659,-79.4186446,43.63331425
1660,-79.41850914,43.6331014
1661,-79.41885943,43.63335822
1662,-79.41867629,43.63318559
1663,-79.41855318,43.63301046
1664,-79.41857196,43.63326035
1665,-79.4184942,43.63323437
1666,-79.41864047,43.63349688
1667,-79.41878998,43.63361263
1668,-79.41878823,43.63361335
1669,-79.41874853,43.63348306
1670,-79.41869902,43.63345474
1671,-79.41879005,43.63321945
1672,-79.41878077,43.63309524
1673,-79.41881167,43.63316724
1674,-79.41886946,43.63331589
1675,-79.41857598,43.63340553
1676,-79.41875986,43.63304956
1677,-79.41834692,43.63310386
1678,-79.41849248,43.63310261
1679,-79.41852183,43.63318717
1680,-79.41822764,43.63284833
1681,-79.41856763,43.63328264
1682,-79.41875949,43.63320426
1683,-79.418445,43.63326861
1684,-79.418571,43.63309129
1685,-79.41874231,43.63347978
1686,-79.41882286,43.63336689
1687,-79.41882682,43.63337107
1688,-79.4186027,43.63302294
1689,-79.41864974,43.63299309
1690,-79.41883581,43.63321043
1691,-79.41891222,43.63340223
1692,-79.41847768,43.63327073
1693,-79.41897113,43.63355045
1694,-79.41839017,43.63290055
1695,-79.41844266,43.63328764
1696,-79.4184605,43.63329028
1697,-79.41869386,43.63316057
1698,-79.41880911,43.63346893
1699,-79.41829578,43.63289662
1700,-79.41845583,43.63304852
1701,-79.41842893,43.63301646
1702,-79.41845153,43.63312336
1703,-79.41895187,43.63358933
1704,-79.41874862,43.63337026
1705,-79.41843465,43.63287178
1706,-79.41850204,43.63337413
1707,-79.4183951,43.63322515
1708,-79.41833294,43.63314145
1709,-79.41886059,43.63339299
1710,-79.41840147,43.63294389
1711,-79.41876086,43.63358535
1712,-79.41848782,43.63302129
1713,-79.41821107,43.63288002
1714,-79.41858162,43.63309295
1715,-79.4186967,43.6332735
1716,-79.41827176,43.63286706
1717,-79.41853677,43.63311442
1718,-79.41857167,43.63324593
1719,-79.4184426,43.63323399
1720,-79.41857764,43.63300161
1721,-79.41854668,43.63303629
1722,-79.41880333,43.63335647
1723,-79.41880754,43.6334823
1724,-79.41862793,43.63319392
1725,-79.41853158,43.63291816
1726,-79.41857148,43.63314603
1727,-79.4187753,43.63351798
1728,-79.41859902,43.63277229
1729,-79.41840759,43.63307174
1730,-79.41872175,43.63348979
1731,-79.41855218,43.632887
1732,-79.41865747,43.63347362
1733,-79.41885289,43.63350732
1734,-79.41890598,43.63335
1735,-79.4186826,43.63317812
1736,-79.41832439,43.63281087
1737,-79.41886784,43.63325581
1738,-79.41865625,43.63290852
1739,-79.4183983,43.63301104
1740,-79.41821647,43.63286744
1741,-79.41859719,43.63346773
1742,-79.41864102,43.63355553
1743,-79.41847214,43.63324089
1744,-79.41842441,43.63277865
1745,-79.41851875,43.63291256
1746,-79.41867879,43.63311785
1747,-79.41885759,43.63339311
1748,-79.41841871,43.63320496
1749,-79.41862286,43.63284017
1750,-79.41830506,43.63288349
1751,-79.41844408,43.63326224
1752,-79.4184293,43.63299178
1753,-79.41871345,43.63303533
1754,-79.41872708,43.63320409
1755,-79.41870942,43.63314744
1756,-79.41849781,43.63311342
1757,-79.41877871,43.63335855
1758,-79.41870232,43.63338349
1759,-79.4182132,43.632834
1760,-79.4187737,43.63352493
1761,-79.41833825,43.63293501
1762,-79.41875895,43.63339534
1763,-79.41872169,43.63301971
1764,-79.41868615,43.63341837
1765,-79.41898268,43.63352611
1766,-79.41834318,43.63284026
1767,-79.41851977,43.63325701
1768,-79.41820024,43.63290373
1769,-79.41843232,43.63291289
1770,-79.41850151,43.63303602
1771,-79.4184998,43.63321231
1772,-79.41875686,43.63321492
1773,-79.41851865,43.63304364
1774,-79.41850164,43.6329319
1775,-79.41866856,43.63324745
1776,-79.41845372,43.63323662
1777,-79.41890388,43.63357536
1778,-79.41846947,43.63278431
1779,-79.41833212,43.63280682
1780,-79.41854643,43.63286306
1781,-79.41866255,43.63358378
1782,-79.41879839,43.63357598
1783,-79.41852853,43.63283121
1784,-79.41859483,43.63286597
1785,-79.41851409,43.63281485
1786,-79.41820481,43.63295055
1787,-79.41893914,43.63346188
1788,-79.41868707,43.63352247
1789,-79.41893955,43.63361638
1790,-79.4185477,43.63295523
1791,-79.41849096,43.63328705
1792,-79.41853011,43.63337634
1793,-79.41840692,43.63292497
1794,-79.41838809,43.63300181
1795,-79.41881749,43.63353938
1796,-79.41857344,43.63316845
1797,-79.41857496,43.63290605
1798,-79.41829035,43.63284795
1799,-79.41846122,43.63297582
1800,-79.41898086,43.63351581
1801,-79.41861929,43.63290549
1802,-79.4188974,43.63351236
1803,-79.418441,43.6328483
1804,-79.41864588,43.63331605
1805,-79.4183833,43.63288339
1806,-79.4188947,43.63351773
1807,-79.4186181,43.63341811
1808,-79.4183719,43.6331893
1809,-79.41851159,43.63334515
1810,-79.41863058,43.63324757
1811,-79.41874409,43.63351913
1812,-79.41838539,43.63319669
1813,-79.41867529,43.63292242
1814,-79.41871638,43.63315286
1815,-79.41866505,43.6330135
1816,-79.4186287,43.63354296
1817,-79.41826047,43.63289662
1818,-79.41816967,43.63288654
1819,-79.41834331,43.63301067
1820,-79.41888224,43.63360756
1821,-79.41886,43.63362038
1822,-79.41853586,43.63338131
1823,-79.41854763,43.63281256
1824,-79.41899513,43.6335402
1825,-79.41832213,43.63309168
1826,-79.41870238,43.6336639
1827,-79.4187666,43.63350145
1828,-79.41869506,43.6332629
1829,-79.41869251,43.63329131
1830,-79.41854096,43.63337737
1831,-79.41848442,43.63292616
1832,-79.41888061,43.63350166
1833,-79.41868564,43.63294848
1834,-79.4187477,43.63307309
1835,-79.41877909,43.63336416
1836,-79.41839826,43.63322222
1837,-79.41844521,43.63323319
1838,-79.41884037,43.63363958
1839,-79.41899114,43.6335243
1840,-79.41876201,43.63353578
1841,-79.41849235,43.63310746
1842,-79.41818595,43.63289697
1843,-79.41847838,43.63332708
1844,-79.41875726,43.63327337
1845,-79.41865073,43.63300685
1846,-79.41841456,43.63301778
1847,-79.41837833,43.63287279
1848,-79.41861632,43.63315324
1849,-79.41865306,43.63353548
1850,-79.41857926,43.63310586
1851,-79.4188318,43.63334707
1852,-79.41867617,43.63300931
1853,-79.41877524,43.63345755
1854,-79.41874578,43.63349686
1855,-79.4183652,43.63302877
1856,-79.41846603,43.6329457
1857,-79.41865808,43.63347868
1858,-79.41842506,43.63314512
1859,-79.4182422,43.63297803
1860,-79.4189016,43.63335159
1861,-79.41830298,43.63305834
1862,-79.41874828,43.63312678
1863,-79.41878594,43.63323099
1864,-79.41841566,43.63306287
1865,-79.41847412,43.63282578
1866,-79.41870275,43.63347413
1867,-79.41829197,43.63304982
1868,-79.41839684,43.63283974
1869,-79.41837969,43.63299696
1870,-79.41831063,43.63281482
1871,-79.41854916,43.63290944
1872,-79.41846623,43.63322262
1873,-79.41884337,43.63346847
1874,-79.41850071,43.63275851
1875,-79.41890275,43.63360909
1876,-79.41844784,43.63291216
1877,-79.41861758,43.63277658
1878,-79.41838616,43.63302035
1879,-79.41887307,43.63326935
1880,-79.41888145,43.63361575
1881,-79.41866727,43.63321283
1882,-79.4186627,43.6333629
1883,-79.41833099,43.63291887
1884,-79.41877505,43.63332874
1885,-79.41876248,43.63322903
1886,-79.4182725,43.63303696
1887,-79.41866271,43.63328656
1888,-79.41848499,43.63319416
1889,-79.41839346,43.63311651
1890,-79.41883872,43.63349046
1891,-79.41873081,43.6335554
1892,-79.41863621,43.63348124
1893,-79.41876605,43.63350325
1894,-79.4186816,43.63339682
1895,-79.41882129,43.63354614
1896,-79.41874109,43.63353048
1897,-79.41817218,43.63287574
1898,-79.41819139,43.63293051
1899,-79.41863129,43.63348917
1900,-79.4184672,43.63330002
1901,-79.4187142,43.63342507
1902,-79.4189559,43.63348134
1903,-79.41866786,43.63300416
1904,-79.41875176,43.63317768
1905,-79.4183063,43.63299719
1906,-79.41846759,43.63316541
1907,-79.41829771,43.63307027
1908,-79.41867335,43.63306567
1909,-79.4186376,43.63321864
1910,-79.4185515,43.63308922
1911,-79.41859412,43.63309903
1912,-79.41892376,43.6334519
1913,-79.41877161,43.63348223
1914,-79.41837711,43.63300761
1915,-79.41851667,43.63314237
1916,-79.41853459,43.63330929
1917,-79.4186341,43.63291413
1918,-79.41824505,43.63285168
1919,-79.41863297,43.63292304
1920,-79.41843208,43.6331124
1921,-79.41877953,43.63346793
1922,-79.41855906,43.63296978
1923,-79.41887861,43.63358166
1924,-79.41837854,43.63318652
1925,-79.41867864,43.63338957
1926,-79.41879736,43.63364935
1927,-79.41889037,43.6334571
1928,-79.41894212,43.63339708
1929,-79.41883354,43.63328195
1930,-79.41860011,43.63293456
1931,-79.41869505,43.6331168
1932,-79.4187765,43.63308954
1933,-79.41893018,43.63343481
1934,-79.41851941,43.63292797
1935,-79.41883981,43.63353982
1936,-79.41847077,43.63316464
1937,-79.41861686,43.63284838
1938,-79.41862495,43.63299972
1939,-79.41845579,43.63281372
1940,-79.41865,43.63320911
1941,-79.41828573,43.63300679
1942,-79.4185635,43.63308766
1943,-79.41859358,43.63319062
1944,-79.4183023,43.63284597
1945,-79.41889091,43.63335797
1946,-79.41873692,43.63323043
1947,-79.41878869,43.63337047
1948,-79.41869154,43.63328729
1949,-79.41842694,43.63307632
1950,-79.41839949,43.63294705
1951,-79.41856442,43.6329678
1952,-79.41857729,43.63283694
1953,-79.41841425,43.6329155
1954,-79.41886902,43.63332172
1955,-79.41823563,43.63287105
1956,-79.41876716,43.63307323
1957,-79.418414,43.63292872
1958,-79.41878971,43.63320948
1959,-79.41874479,43.63353796
1960,-79.4182699,43.63291062
1961,-79.41874441,43.63326832
1962,-79.41873256,43.63337764
1963,-79.41872525,43.63307085
1964,-79.41821925,43.63293876
1965,-79.4188648,43.63329183
1966,-79.4185067,43.63278839
1967,-79.4187272,43.63331963
1968,-79.41846715,43.63317301
1969,-79.41890172,43.63356794
1970,-79.41870726,43.63304675
1971,-79.41837602,43.6328458
1972,-79.4183424,43.63292798
1973,-79.41858292,43.63319766
1974,-79.41847528,43.63327741
1975,-79.41893534,43.63356236
1976,-79.41863493,43.63329099
1977,-79.41861728,43.63338914
1978,-79.41842377,43.63290447
1979,-79.41871611,43.63342574
1980,-79.41859648,43.63308525
1981,-79.4185659,43.6332765
1982,-79.41882429,43.63338173
1983,-79.41863035,43.63339422
1984,-79.41861121,43.6331497
1985,-79.41862201,43.63299982
1986,-79.41845646,43.63321382
1987,-79.41872137,43.63299814
1988,-79.41865761,43.63357803
1989,-79.41864644,43.63340425
1990,-79.41849106,43.63316307
1991,-79.41882339,43.63328849
1992,-79.41830172,43.63300777
1993,-79.41894885,43.63356645
1994,-79.41890912,43.63345773
1995,-79.41893465,43.63351769
1996,-79.41842477,43.63318933
1997,-79.41847489,43.63324161
1998,-79.41873253,43.63344036
1999,-79.41839476,43.63300219
2000,-79.41884522,43.6332404
2001,-79.41850221,43.63344646
2002,-79.41879275,43.6332871
2003,-79.41869044,43.63356323
2004,-79.41871491,43.63337134
2005,-79.41879754,43.63348731
2006,-79.41860764,43.63344255
2007,-79.41855083,43.6332549
2008,-79.41870205,43.63368502
2009,-79.4187118,43.6334145
2010,-79.41857916,43.63364361
2011,-79.41876935,43.63328804
2012,-79.41842762,43.63329647
2013,-79.41867065,43.6336348
2014,-79.4187454,43.63362578
2015,-79.41850713,43.63344233
2016,-79.41885661,43.6335274
2017,-79.41890584,43.63358367
2018,-79.41863037,43.63354133
2019,-79.41871128,43.63350564
2020,-79.41876942,43.63325521
2021,-79.41883822,43.63329564
2022,-79.41841695,43.63333711
2023,-79.41853803,43.63348442
2024,-79.41865173,43.63323608
2025,-79.41871554,43.63351623
2026,-79.41877487,43.63333322
2027,-79.41851854,43.6333489
2028,-79.41865795,43.63369824
2029,-79.41858273,43.63345249
2030,-79.41890974,43.63351143
2031,-79.41901041,43.63357045
2032,-79.41876094,43.63352618
2033,-79.41894231,43.63349572
2034,-79.41869835,43.63350008
2035,-79.41846445,43.63339332
2036,-79.41859436,43.63338845
2037,-79.41872707,43.63359097
2038,-79.41895944,43.63354498
2039,-79.41878201,43.63351882
2040,-79.41873522,43.63339087
2041,-79.4185678,43.63347187
2042,-79.4186185,43.63336334
2043,-79.41878009,43.63349572
2044,-79.41842853,43.63340807
2045,-79.41851892,43.63335924
2046,-79.41889736,43.63357881
2047,-79.41856973,43.63327758
2048,-79.41878882,43.63323209
2049,-79.41861232,43.63368213
2050,-79.41886355,43.63335707
2051,-79.41838914,43.63330692
2052,-79.4189754,43.63353087
2053,-79.41864866,43.63358001
2054,-79.41882976,43.63346658
2055,-79.41870807,43.63356472
2056,-79.41869403,43.63360235
2057,-79.41886616,43.6335354
2058,-79.41875528,43.6334409
2059,-79.41894393,43.63342063
2060,-79.4186723,43.63350079
2061,-79.41852327,43.63329605
2062,-79.41850749,43.63340068
2063,-79.41865094,43.6334646
2064,-79.41862912,43.63328755
2065,-79.41890346,43.63340383
2066,-79.41889809,43.63346653
2067,-79.41873891,43.6333026
2068,-79.41882554,43.63348613
2069,-79.41879986,43.63320754
2070,-79.41860351,43.63364525
2071,-79.41850225,43.63348136
2072,-79.41891296,43.63336796
2073,-79.41860799,43.63341749
2074,-79.41877418,43.63338652
2075,-79.41895515,43.63349103
2076,-79.41854397,43.63359117
2077,-79.41884002,43.63363142
2078,-79.41859674,43.63350809
2079,-79.41858926,43.63357717
2080,-79.41867028,43.63357492
2081,-79.41873459,43.63319352
2082,-79.41877433,43.63318989
2083,-79.41851607,43.633406
2084,-79.41883342,43.6335127
2085,-79.41864065,43.63365717
2086,-79.41863901,43.63350503
2087,-79.41863145,43.63367482
2088,-79.41880753,43.63364611
2089,-79.41869349,43.63349797
2090,-79.41860082,43.63333078
2091,-79.41877351,43.63360477
2092,-79.41867924,43.63360744
2093,-79.41871601,43.6335872
2094,-79.41883222,43.63340203
2095,-79.41886747,43.63358507
2096,-79.41854919,43.63358807
2097,-79.41900337,43.63354683
2098,-79.41878348,43.63364826
2099,-79.41883378,43.63346666
2100,-79.41890778,43.63357568
2101,-79.41878945,43.63358939
2102,-79.41856694,43.63338108
2103,-79.41875513,43.63329945
2104,-79.41887253,43.63352582
2105,-79.41873243,43.63333531
2106,-79.41883507,43.63355793
2107,-79.41853054,43.63356696
2108,-79.4186657,43.6333659
2109,-79.41865497,43.63366954
2110,-79.4186138,43.63366538
2111,-79.41877654,43.63353299
2112,-79.4187017,43.63329893
2113,-79.41889011,43.63350608
2114,-79.41868232,43.63358265
2115,-79.4187165,43.6335055
2116,-79.41862492,43.63350666
2117,-79.41902174,43.63356431
2118,-79.41858608,43.63368455
2119,-79.41883225,43.63341606
2120,-79.41866629,43.63359504
2121,-79.41863347,43.63326416
2122,-79.41881767,43.63334478
2123,-79.41893736,43.63348629
2124,-79.4186821,43.63367354
2125,-79.41876887,43.63347582
2126,-79.41847842,43.63350828
2127,-79.41887852,43.63334236
2128,-79.41866639,43.63327941
2129,-79.41876435,43.63333692
2130,-79.41883904,43.63336338
2131,-79.41881565,43.63330563
2132,-79.41871031,43.63336423
2133,-79.41880975,43.63341417
2134,-79.41888368,43.63346385
2135,-79.41878328,43.6334983
2136,-79.41845219,43.63340539
2137,-79.41853855,43.63348333
2138,-79.41885009,43.63353474
2139,-79.41852311,43.63360387
2140,-79.41872852,43.63321868
2141,-79.41845786,43.63332492
2142,-79.41879784,43.63342674
2143,-79.4188782,43.63359027
2144,-79.4184957,43.63333971
2145,-79.41902878,43.63357954
2146,-79.41884524,43.63363654
2147,-79.41850389,43.63334357
2148,-79.41856729,43.63332343
2149,-79.41881395,43.63356996
2150,-79.41852179,43.63347852
2151,-79.41862973,43.63345662
2152,-79.41839647,43.63332098
2153,-79.41871511,43.63357438
2154,-79.4186423,43.63322287
2155,-79.41845419,43.63337433
2156,-79.41842421,43.63338093
2157,-79.41875975,43.633283
2158,-79.41864462,43.63358837
2159,-79.41868789,43.63333099
2160,-79.41889312,43.63334622
2161,-79.41856933,43.63336166
2162,-79.41877152,43.63324252
2163,-79.41904269,43.63357788
2164,-79.41880057,43.63348774
2165,-79.41857304,43.63354338
2166,-79.41888809,43.63336778
2167,-79.41897251,43.63346133
2168,-79.41882446,43.63342709
2169,-79.4187456,43.63351313
2170,-79.41874848,43.63349101
2171,-79.41854911,43.63326996
2172,-79.41863782,43.63368765
2173,-79.41857714,43.63357344
2174,-79.41858804,43.63362677
2175,-79.41870628,43.63343967
2176,-79.41851466,43.63354862
2177,-79.41851244,43.63341132
2178,-79.41855131,43.63356024
2179,-79.41856497,43.63369
2180,-79.41862107,43.63360395
2181,-79.41866283,43.63325388
2182,-79.41858144,43.63352871
2183,-79.41875753,43.63325732
2184,-79.4186894,43.63355507
2185,-79.41865075,43.63358238
2186,-79.41868663,43.63350943
2187,-79.41859021,43.63368295
2188,-79.41846639,43.6333439
2189,-79.41868702,43.63330386
2190,-79.41873692,43.63344576
2191,-79.41863253,43.63346493
2192,-79.41844796,43.63332767
2193,-79.41857457,43.63345186
2194,-79.41855416,43.63326007
2195,-79.41854797,43.63364478
2196,-79.418611,43.63352441
2197,-79.41895525,43.6334644
2198,-79.41853219,43.63348049
2199,-79.41870364,43.63355687
2200,-79.41842792,43.63338508
2201,-79.41844934,43.63331126
2202,-79.4186602,43.63330423
2203,-79.41876143,43.6332335
2204,-79.4186175,43.63371164
2205,-79.41892724,43.63346392
2206,-79.4184975,43.63347118
2207,-79.41859592,43.63326955
2208,-79.41873279,43.63318876
2209,-79.41843982,43.63344255
2210,-79.41874311,43.63346267
2211,-79.41879512,43.63322042
2212,-79.41873946,43.63320357
2213,-79.41879332,43.63337912
2214,-79.41863318,43.6336009
2215,-79.41868788,43.63349671
2216,-79.41854178,43.63348235
2217,-79.41871537,43.63342062
2218,-79.418571,43.63368358
2219,-79.41856816,43.63355842
2220,-79.41862158,43.63363714
2221,-79.418969,43.63353524
2222,-79.41901154,43.63356051
2223,-79.41877822,43.63348015
2224,-79.41889443,43.63352094
2225,-79.4185079,43.63332099
2226,-79.4187195,43.63345876
2227,-79.41864961,43.6333179
2228,-79.41872871,43.63340253
2229,-79.41874437,43.63340321
2230,-79.41879063,43.63359886
2231,-79.41841267,43.63336814
2232,-79.41848612,43.63340015
2233,-79.41853507,43.63360754
2234,-79.41884747,43.63342441
2235,-79.41859298,43.633522
2236,-79.41860671,43.63324923
2237,-79.41873691,43.63333046
2238,-79.41876997,43.63319884
2239,-79.41853412,43.63334878
2240,-79.41896056,43.63353454
2241,-79.4186777,43.63351419
2242,-79.41868117,43.63335432
2243,-79.41881064,43.63323811
2244,-79.41874263,43.63331636
2245,-79.41893711,43.63345671
2246,-79.41882065,43.6334114
2247,-79.41881636,43.63328142
2248,-79.41867416,43.63367418
2249,-79.41869719,43.63345613
2250,-79.41844249,43.63337866
2251,-79.41879594,43.63326974
2252,-79.41892728,43.63355053
2253,-79.41873793,43.63346303
2254,-79.41873306,43.63342285
2255,-79.41881604,43.63354059
2256,-79.41863547,43.63365734
2257,-79.41848124,43.63329274
2258,-79.41849202,43.63350184
2259,-79.41860949,43.63331491
2260,-79.41861334,43.63343448
2261,-79.41870608,43.63347832
2262,-79.4184615,43.63344224
2263,-79.41885379,43.63339376
2264,-79.418689,43.63365943
2265,-79.41895047,43.63358877
2266,-79.41857652,43.63328429
2267,-79.41860821,43.63365518
2268,-79.41857616,43.63340944
2269,-79.41871364,43.6333365
2270,-79.41845409,43.63330731
2271,-79.41847625,43.63330159
2272,-79.41850686,43.63339911
2273,-79.41891178,43.63340972
2274,-79.41854119,43.63355861
2275,-79.4187865,43.63331662
2276,-79.41878768,43.63366204
2277,-79.41865928,43.63354173
2278,-79.41871343,43.63319609
2279,-79.41866107,43.63346577
2280,-79.41875621,43.63345923
2281,-79.41839155,43.63331591
2282,-79.4185247,43.63341574
2283,-79.41868751,43.63354562
2284,-79.41894579,43.63349575
2285,-79.41850572,43.63329372
2286,-79.4185028,43.63344658
2287,-79.4188494,43.63340762
2288,-79.41896443,43.63351993
2289,-79.41839048,43.63330579
2290,-79.4185056,43.63356458
2291,-79.41881159,43.63328514
2292,-79.4187654,43.63357101
2293,-79.41887329,43.63354769
2294,-79.4187079,43.63330298
2295,-79.41863329,43.63366426
2296,-79.41891931,43.63354974
2297,-79.41870904,43.63348447
2298,-79.41884454,43.63333922
2299,-79.41880464,43.63354578
2300,-79.41863746,43.63364485
2301,-79.41883319,43.63336715
2302,-79.41868867,43.63363523
2303,-79.41870773,43.63320154
2304,-79.41877544,43.63331362
2305,-79.41875333,43.63331061
2306,-79.41840183,43.63336467
2307,-79.41851909,43.63359453
2308,-79.41861549,43.63342451
2309,-79.41877704,43.63336298
2310,-79.41888049,43.63348954
2311,-79.41889973,43.63356194
2312,-79.41879149,43.63353949
2313,-79.4184687,43.63347824
2314,-79.4186855,43.6334325
2315,-79.41850378,43.63354714
2316,-79.41846418,43.63335997
2317,-79.41849606,43.63348569
2318,-79.41890122,43.63356776
2319,-79.41880011,43.63349466
2320,-79.41865697,43.6335228
2321,-79.41881763,43.63363082
2322,-79.41845056,43.63339271
2323,-79.41857526,43.63362136
2324,-79.41855895,43.63334928
2325,-79.41851631,43.63343118
2326,-79.41883916,43.63349446
2327,-79.41884313,43.63357118
2328,-79.41858182,43.63362071
2329,-79.41900439,43.63357547
2330,-79.41895735,43.6335385
2331,-79.41865561,43.63348647
2332,-79.41847853,43.63345727
2333,-79.41864748,43.63350875
2334,-79.41884038,43.63357808
2335,-79.41882554,43.63341063
2336,-79.41856972,43.63362321
2337,-79.41889,43.63362303
2338,-79.41855693,43.63358989
2339,-79.41847347,43.63334328
2340,-79.41848446,43.63329763
2341,-79.41871244,43.63319337
2342,-79.41876239,43.63327795
2343,-79.41890103,43.6335486
2344,-79.4186951,43.63357107
2345,-79.41867567,43.6333079
2346,-79.41885388,43.6332806
2347,-79.41884674,43.63354734
2348,-79.4185795,43.63342965
2349,-79.41888713,43.63333101
2350,-79.41850009,43.63327973
2351,-79.41899285,43.63349819
2352,-79.41878604,43.6332795
2353,-79.41901359,43.63355356
2354,-79.41854749,43.63323779
2355,-79.41885119,43.6335669
2356,-79.41853876,43.63355926
2357,-79.41886634,43.63351505
2358,-79.41890218,43.63338373
2359,-79.41888074,43.6335229
2360,-79.41872379,43.63336987
2361,-79.41890784,43.63341931
2362,-79.41845557,43.63326705
2363,-79.41881627,43.63349088
2364,-79.41888869,43.63335013
2365,-79.41872038,43.63364073
2366,-79.41848057,43.63336104
2367,-79.41871631,43.63335266
2368,-79.4185379,43.63360478
2369,-79.41881729,43.63324499
2370,-79.4187146,43.63350422
2371,-79.41864635,43.63347346
2372,-79.41841974,43.63337358
2373,-79.41852466,43.63341562
2374,-79.41889664,43.63341458
2375,-79.41872978,43.6331891
2376,-79.41872181,43.63358024
2377,-79.41879429,43.63344443
2378,-79.41843567,43.63336645
2379,-79.41873551,43.63326588
2380,-79.41865468,43.6336173
2381,-79.41866771,43.63344624
2382,-79.41867262,43.63321259
2383,-79.41902492,43.6335679
2384,-79.41880101,43.63329913
2385,-79.41850424,43.6333186
2386,-79.41851061,43.63328429
2387,-79.41884706,43.63363092
2388,-79.4187931,43.63363252
2389,-79.41870726,43.63351181
2390,-79.41876743,43.63362162
2391,-79.41884434,43.63344161
2392,-79.41888016,43.63354623
2393,-79.41849215,43.63337134
2394,-79.41872207,43.63327578
2395,-79.41864065,43.63344371
2396,-79.41871902,43.63327191
2397,-79.41878484,43.63344789
2398,-79.41875317,43.63333333
2399,-79.41883225,43.63346033
2400,-79.41863445,43.63362003
2401,-79.41869773,43.63354573
2402,-79.41873442,43.63344781
2403,-79.4188789,43.63358664
2404,-79.41845317,43.6333122
2405,-79.41848943,43.63342903
2406,-79.41889323,43.6334872
2407,-79.41870651,43.63364159
2408,-79.41885583,43.63357163
2409,-79.41884697,43.63335304
2410,-79.41888851,43.63336513
2411,-79.41889803,43.63334281
2412,-79.41859779,43.63325152
2413,-79.41854067,43.63349373
2414,-79.41860109,43.63340591
2415,-79.41860098,43.6335672
2416,-79.41896825,43.63348011
2417,-79.41864582,43.6333946
2418,-79.41853817,43.63340123
2419,-79.4186221,43.63365891
2420,-79.4188602,43.63333971
2421,-79.41869765,43.63325455
2422,-79.4184566,43.63330135
2423,-79.41873371,43.6333774
2424,-79.41882118,43.63355802
2425,-79.41860407,43.63343487
2426,-79.4187891,43.6336526
2427,-79.41894783,43.63356866
2428,-79.41857244,43.6332464
2429,-79.41857997,43.63326081
2430,-79.41874235,43.63366124
2431,-79.41851075,43.63336041
2432,-79.41872196,43.63321275
2433,-79.41856423,43.63333826
2434,-79.41847235,43.63332564
2435,-79.41896814,43.63351261
2436,-79.41855896,43.63333655
2437,-79.41897531,43.6335177
2438,-79.41861487,43.63348692
2439,-79.41866335,43.63357921
2440,-79.4187001,43.63347866
2441,-79.41850144,43.63325147
2442,-79.41860367,43.63347806
2443,-79.41869406,43.63346936
2444,-79.4185915,43.63359045
2445,-79.41880436,43.63342748
2446,-79.41881348,43.63351002
2447,-79.41871138,43.63349499
2448,-79.41868229,43.63329321
2449,-79.41892075,43.63352061
2450,-79.41882436,43.63362883
2451,-79.41866461,43.63330724
2452,-79.41866889,43.63339586
2453,-79.4184759,43.63349408
2454,-79.41864433,43.63357885
2455,-79.4188723,43.63338853
2456,-79.41882553,43.63359608
2457,-79.41873509,43.63343498
2458,-79.41859183,43.63359628
2459,-79.41856388,43.63347803
2460,-79.41854687,43.63355956
2461,-79.41839441,43.63332735
2462,-79.41861875,43.63333527
2463,-79.41871425,43.63362538
2464,-79.41865491,43.63326642
2465,-79.41897235,43.63351726
2466,-79.41869767,43.63353929
2467,-79.41861893,43.63329268
2468,-79.41856631,43.63325276
2469,-79.41872438,43.63354446
2470,-79.41887423,43.6333679
2471,-79.41877325,43.63358332
2472,-79.41884637,43.63334979
2473,-79.4187979,43.63333209
2474,-79.41873621,43.63322756
2475,-79.41853203,43.63343434
2476,-79.41859006,43.63355772
2477,-79.41887894,43.63355065
2478,-79.41888632,43.63332579
2479,-79.41888775,43.63332408
2480,-79.41857016,43.63362374
2481,-79.41899299,43.63357607
2482,-79.41860946,43.63339847
2483,-79.41857894,43.63343054
2484,-79.41859613,43.63353213
2485,-79.41888841,43.63349591
2486,-79.41875194,43.63362759
2487,-79.4187972,43.63349189
2488,-79.41868805,43.63357293
2489,-79.41898201,43.63357941
2490,-79.41867778,43.63359125
2491,-79.41877855,43.63322048
2492,-79.41899447,43.6335302
2493,-79.41846589,43.63348095
2494,-79.41883214,43.63361272
2495,-79.41862093,43.63353675
2496,-79.41862588,43.63356074
2497,-79.41860093,43.63355187
2498,-79.41883091,43.63341775
2499,-79.41858646,43.63364895
2500,-79.41902383,43.63354683
2501,-79.41828126,43.6329646
2502,-79.41847706,43.63312932
2503,-79.41828997,43.63283953
2504,-79.41871386,43.63311793
2505,-79.41823809,43.63290426
2506,-79.41845531,43.63295336
2507,-79.41824921,43.63297051
2508,-79.41859788,43.63309
2509,-79.41825663,43.63304927
2510,-79.4185851,43.63314472
2511,-79.41844725,43.63322071
2512,-79.41848389,43.63290483
2513,-79.41836121,43.63297812
2514,-79.41846137,43.63309129
2515,-79.41838338,43.63290685
2516,-79.41848421,43.63291215
2517,-79.41830443,43.63307785
2518,-79.41814565,43.63286995
2519,-79.41847994,43.63321958
2520,-79.41865831,43.63310791
2521,-79.41864486,43.63296416
2522,-79.41835544,43.63299397
2523,-79.4183811,43.63324891
2524,-79.41833875,43.63297288
2525,-79.41825541,43.63297335
2526,-79.41830746,43.63314895
2527,-79.41859814,43.63276169
2528,-79.41830617,43.63298515
2529,-79.41867558,43.63301796
2530,-79.41844671,43.6332255
2531,-79.41840109,43.63297579
2532,-79.41870264,43.63312666
2533,-79.41859006,43.63282098
2534,-79.41834136,43.63312946
2535,-79.41843993,43.63305225
2536,-79.41841121,43.63295258
2537,-79.41835929,43.63299469
2538,-79.41837919,43.63324892
2539,-79.41846269,43.63293869
2540,-79.41838577,43.63302287
2541,-79.41865013,43.63295343
2542,-79.41863059,43.63318116
2543,-79.41860268,43.63283344
2544,-79.41849593,43.63297659
2545,-79.41871536,43.63315479
2546,-79.4183315,43.63285422
2547,-79.41843907,43.6329797
2548,-79.41856516,43.63299203
2549,-79.41851925,43.63287228
2550,-79.41840653,43.63278618
2551,-79.41848856,43.63302367
2552,-79.41829179,43.63304031
2553,-79.41854942,43.63318137
2554,-79.4185464,43.63294742
2555,-79.41842615,43.63314306
2556,-79.4183839,43.63313769
2557,-79.41839031,43.63326192
2558,-79.41821023,43.63283685
2559,-79.41855844,43.63318562
2560,-79.41858805,43.63308398
2561,-79.41870123,43.63316477
2562,-79.41831344,43.63283353
2563,-79.41869459,43.63306511
2564,-79.41850705,43.63299507
2565,-79.41831854,43.63296187
2566,-79.41829926,43.63294182
2567,-79.41842234,43.6329745
2568,-79.41835487,43.63308159
2569,-79.4183099,43.63287897
2570,-79.41860753,43.63303935
2571,-79.41852091,43.6329483
2572,-79.41832913,43.63316305
2573,-79.41825491,43.63288155
2574,-79.4186347,43.633139
2575,-79.41853158,43.6331034
2576,-79.41874349,43.63313358
2577,-79.41843094,43.63302553
2578,-79.41839717,43.63291294
2579,-79.41843668,43.63312347
2580,-79.41851583,43.63316251
2581,-79.41819232,43.63292131
2582,-79.41859345,43.63302302
2583,-79.41866606,43.63315207
2584,-79.41829723,43.63283894
2585,-79.41875895,43.63314465
2586,-79.41843528,43.63324365
2587,-79.41835817,43.63320941
2588,-79.41857409,43.63292108
2589,-79.41835438,43.633073
2590,-79.41866566,43.63312443
2591,-79.41818415,43.63293725
2592,-79.4183385,43.63318405
2593,-79.41850318,43.63290873
2594,-79.41865398,43.63300359
2595,-79.4181777,43.63288671
2596,-79.41832571,43.63294177
2597,-79.4183739,43.63289914
2598,-79.41862979,43.63306255
2599,-79.41836431,43.6332138
2600,-79.41821381,43.63292955
2601,-79.41856246,43.63279835
2602,-79.41843215,43.63309933
2603,-79.41874456,43.63314134
2604,-79.4182147,43.63299847
2605,-79.41838842,43.63322037
2606,-79.4186439,43.63311108
2607,-79.41827652,43.63303614
2608,-79.41844434,43.63281438
2609,-79.41862714,43.63301288
2610,-79.41848675,43.63279726
2611,-79.41846389,43.63290885
2612,-79.4185343,43.63291652
2613,-79.41860181,43.63284959
2614,-79.41844691,43.63323273
2615,-79.41837823,43.63293872
2616,-79.4182144,43.63289204
2617,-79.41847619,43.63305229
2618,-79.41850673,43.63285381
2619,-79.41839336,43.63278425
2620,-79.41816633,43.63285167
2621,-79.41856771,43.63298966
2622,-79.41836298,43.63298412
2623,-79.41870794,43.63305107
2624,-79.41851717,43.63310314
2625,-79.41846898,43.63296414
2626,-79.41850473,43.6328386
2627,-79.41863385,43.63311841
2628,-79.41852184,43.63301855
2629,-79.41832793,43.63297403
2630,-79.41855767,43.63314498
2631,-79.41872287,43.6331189
2632,-79.41848616,43.6329357
2633,-79.41846922,43.63305557
2634,-79.41840896,43.63321576
2635,-79.41826817,43.63287198
2636,-79.41844251,43.63294991
2637,-79.41832909,43.63289508
2638,-79.41829118,43.63288737
2639,-79.41822028,43.6328761
2640,-79.4186193,43.63296246
2641,-79.41850455,43.63289232
2642,-79.41819274,43.63287312
2643,-79.41859228,43.63318786
2644,-79.41834632,43.63280744
2645,-79.41869879,43.63305583
2646,-79.41860162,43.63306705
2647,-79.4183605,43.63280146
2648,-79.41827758,43.63291943
2649,-79.41838777,43.63305878
2650,-79.41840825,43.63294712
2651,-79.41856442,43.63279939
2652,-79.41836328,43.63313848
2653,-79.41822596,43.6329542
2654,-79.41856149,43.63321448
2655,-79.4182785,43.63289138
2656,-79.41828979,43.63282812
2657,-79.41857965,43.63295696
2658,-79.41833959,43.633102
2659,-79.41838794,43.63302357
2660,-79.41856086,43.63296289
2661,-79.41833649,43.63287895
2662,-79.41842505,43.63282098
2663,-79.41843198,43.63287549
2664,-79.41862267,43.63320569
2665,-79.41833095,43.63291587
2666,-79.4183,43.6329412
2667,-79.41853701,43.6328006
2668,-79.41860211,43.63291323
2669,-79.41837917,43.63305845
2670,-79.41824006,43.63291923
2671,-79.41857586,43.63274425
2672,-79.41859951,43.6330936
2673,-79.41859492,43.63308352
2674,-79.4184218,43.63293231
2675,-79.41865475,43.63298086
2676,-79.41874203,43.63315704
2677,-79.41838563,43.63308672
2678,-79.41835857,43.63318887
2679,-79.41842714,43.63301802
2680,-79.41861292,43.63283788
2681,-79.41860719,43.63294184
2682,-79.41828866,43.63300015
2683,-79.41835708,43.63287434
2684,-79.41848841,43.63291197
2685,-79.41829833,43.6329206
2686,-79.41837538,43.63294388
2687,-79.41852718,43.63296266
2688,-79.41830246,43.63282251
2689,-79.41838626,43.63305574
2690,-79.41819662,43.6328747
2691,-79.41867719,43.63317473
2692,-79.41860789,43.63311491
2693,-79.41860985,43.63310659
2694,-79.41859269,43.6331503
2695,-79.41869646,43.63308242
2696,-79.41852483,43.63281097
2697,-79.41838238,43.63300233
2698,-79.41821915,43.63285261
2699,-79.41829678,43.63283277
2700,-79.41853917,43.63306194
2701,-79.41850929,43.63277706
2702,-79.4185396,43.6331822
2703,-79.41829559,43.63313488
2704,-79.41867129,43.63307919
2705,-79.41833221,43.63312202
2706,-79.41838186,43.63299694
2707,-79.41828892,43.63310653
2708,-79.41851139,43.63292623
2709,-79.41821745,43.63292382
2710,-79.41855148,43.63319458
2711,-79.41850104,43.63314138
2712,-79.41842603,43.63322988
2713,-79.41834879,43.63291126
2714,-79.41855885,43.63301117
2715,-79.41846531,43.63315825
2716,-79.41865024,43.63290116
2717,-79.41829931,43.63285023
2718,-79.41825557,43.63304084
2719,-79.41828364,43.63308674
2720,-79.4184007,43.63308816
2721,-79.41841962,43.63312774
2722,-79.41853813,43.6329356
2723,-79.41854594,43.63280472
2724,-79.41862881,43.63294774
2725,-79.41857562,43.63311182
2726,-79.41852529,43.63292218
2727,-79.41867145,43.63312459
2728,-79.41860982,43.63297469
2729,-79.4182713,43.63301654
2730,-79.41838997,43.6329831
2731,-79.41829127,43.63301002
2732,-79.41849257,43.6329798
2733,-79.41835591,43.633254
2734,-79.4184022,43.63322084
2735,-79.41849027,43.63277676
2736,-79.41839799,43.63321292
2737,-79.41834557,43.63296264
2738,-79.41818602,43.63290334
2739,-79.41855635,43.63311285
2740,-79.41829014,43.63285588
2741,-79.41846272,43.63310053
2742,-79.41841467,43.63291232
2743,-79.41864016,43.63299792
2744,-79.4183993,43.63284736
2745,-79.41869103,43.63301935
2746,-79.41818936,43.63293858
2747,-79.41870848,43.63305747
2748,-79.41863992,43.63296957
2749,-79.41825003,43.63286887
2750,-79.41841826,43.63302214
2751,-79.41835686,43.63315091
2752,-79.41859631,43.63289171
2753,-79.4183986,43.63316565
2754,-79.41838735,43.6330744
2755,-79.41839782,43.63284338
2756,-79.41830148,43.6331019
2757,-79.41853873,43.63311043
2758,-79.4184905,43.63286383
2759,-79.41862549,43.63296839
2760,-79.41830087,43.6330119
2761,-79.418316,43.6329942
2762,-79.41845695,43.63288531
2763,-79.41846332,43.63277668
2764,-79.41848758,43.63322827
2765,-79.41847016,43.63294471
2766,-79.41848259,43.63317271
2767,-79.41872113,43.63306036
2768,-79.41856648,43.63278698
2769,-79.41860715,43.63317841
2770,-79.41861671,43.63308344
2771,-79.4184463,43.6329998
2772,-79.41834304,43.63293786
2773,-79.41850258,43.63322318
2774,-79.41855054,43.63318832
2775,-79.4184638,43.63316734
2776,-79.41853285,43.63319664
2777,-79.41857588,43.63295115
2778,-79.41866541,43.63317866
2779,-79.41851955,43.6327661
2780,-79.41837387,43.63285746
2781,-79.41860436,43.63281413
2782,-79.41851656,43.63303681
2783,-79.4187431,43.63311783
2784,-79.41837912,43.63286157
2785,-79.41847467,43.63287742
2786,-79.41856832,43.63302128
2787,-79.41851371,43.63305409
2788,-79.4184718,43.63281602
2789,-79.41845093,43.63306391
2790,-79.41857319,43.6329013
2791,-79.41839263,43.63323312
2792,-79.41840792,43.6328021
2793,-79.41864832,43.63313625
2794,-79.41832225,43.6330983
2795,-79.41837557,43.63290736
2796,-79.41827843,43.63294187
2797,-79.4182687,43.63304063
2798,-79.41847536,43.63279941
2799,-79.41858281,43.63318148
2800,-79.41828754,43.63306061
2801,-79.41832723,43.63317216
2802,-79.41831948,43.63285982
2803,-79.41841825,43.63315781
2804,-79.41838765,43.63320422
2805,-79.4184446,43.63300484
2806,-79.41831128,43.63293023
2807,-79.41823109,43.63288742
2808,-79.41825287,43.63303703
2809,-79.41823362,43.63292355
2810,-79.41821477,43.63285322
2811,-79.41861689,43.63312183
2812,-79.41871443,43.63314423
2813,-79.41826587,43.63290944
2814,-79.41873021,43.6331809
2815,-79.41849996,43.63307174
2816,-79.41871275,43.6331519
2817,-79.41835031,43.63300218
2818,-79.41840469,43.63294083
2819,-79.41853739,43.63315171
2820,-79.41852639,43.63320788
2821,-79.41817208,43.6328692
2822,-79.41839287,43.63291426
2823,-79.41836166,43.6330906
2824,-79.4182567,43.63284792
2825,-79.41870939,43.63314742
2826,-79.4183398,43.63298895
2827,-79.41851684,43.63294047
2828,-79.41830361,43.63315532
2829,-79.41862724,43.63310548
2830,-79.41842814,43.63287808
2831,-79.41842875,43.63288771
2832,-79.41836454,43.6328903
2833,-79.41872973,43.63310235
2834,-79.4185116,43.63321859
2835,-79.41827126,43.63287094
2836,-79.41820399,43.63297724
2837,-79.41857197,43.63305482
2838,-79.41835997,43.63325263
2839,-79.41839549,43.63292074
2840,-79.41851051,43.63318559
2841,-79.4183439,43.63318429
2842,-79.41869069,43.63299035
2843,-79.41829616,43.6328946
2844,-79.41840554,43.63293949
2845,-79.41846384,43.63291786
2846,-79.41830694,43.63281277
2847,-79.4184639,43.63301673
2848,-79.41856138,43.63299192
2849,-79.41844201,43.6330379
2850,-79.41863978,43.63292074
2851,-79.41867252,43.6330634
2852,-79.41837874,43.63316521
2853,-79.41842302,43.633019
2854,-79.41835223,43.6329615
2855,-79.41861177,43.63291506
2856,-79.41870207,43.63306696
2857,-79.41841319,43.63323377
2858,-79.41830634,43.63311258
2859,-79.41851038,43.63297889
2860,-79.41854682,43.63312171
2861,-79.41834749,43.63301659
2862,-79.41849468,43.63311636
2863,-79.41842979,43.63311436
2864,-79.41836457,43.63326697
2865,-79.41843873,43.63297997
2866,-79.41831331,43.63303594
2867,-79.41837355,43.63325583
2868,-79.41839729,43.63310128
2869,-79.41836178,43.63306601
2870,-79.41857835,43.63281628
2871,-79.41841219,43.63306766
2872,-79.4183349,43.63286689
2873,-79.41840483,43.63299955
2874,-79.41842526,43.63312028
2875,-79.41817132,43.63291374
2876,-79.41854491,43.63279294
2877,-79.418358,43.63325564
2878,-79.41868062,43.63295387
2879,-79.41859308,43.63308695
2880,-79.4185699,43.633176
2881,-79.41843184,43.63315662
2882,-79.41849427,43.63308011
2883,-79.41837638,43.63301619
2884,-79.4184376,43.63287028
2885,-79.41870368,43.63302281
2886,-79.41853001,43.63294973
2887,-79.41829452,43.63309583
2888,-79.41870762,43.63306972
2889,-79.41861634,43.63308323
2890,-79.41821674,43.63292136
2891,-79.41846466,43.63277311
2892,-79.41847695,43.63311928
2893,-79.4182018,43.63296829
2894,-79.41850109,43.63284265
2895,-79.41860546,43.63304757
2896,-79.41825028,43.63304503
2897,-79.41856558,43.63316846
2898,-79.41842512,43.633129
2899,-79.41849257,43.63276206
2900,-79.41834726,43.63321402
2901,-79.41858526,43.6330527
2902,-79.41825942,43.63302758
2903,-79.41850985,43.63279566
2904,-79.41845998,43.63290251
2905,-79.41836252,43.63300162
2906,-79.41838662,43.63300884
2907,-79.41836657,43.63302152
2908,-79.41832594,43.63289155
2909,-79.41851439,43.63311594
2910,-79.41844966,43.63291102
2911,-79.41862749,43.63303882
2912,-79.41845008,43.63306704
2913,-79.4184299,43.63286706
2914,-79.41864536,43.63289686
2915,-79.41858047,43.63301592
2916,-79.41823407,43.63285758
2917,-79.41834703,43.63293982
2918,-79.41867677,43.63314547
2919,-79.41872715,43.63307294
2920,-79.41860373,43.63298938
2921,-79.41830831,43.63284172
2922,-79.41851056,43.63321546
2923,-79.41831862,43.63307448
2924,-79.41865171,43.63308421
2925,-79.41852999,43.63315542
2926,-79.4187258,43.63309177
2927,-79.41835997,43.63307797
2928,-79.418148,43.63286625
2929,-79.41844394,43.63295422
2930,-79.41850278,43.63307871
2931,-79.41822534,43.63299748
2932,-79.41847991,43.63276431
2933,-79.41849567,43.63319169
2934,-79.41863846,43.63303332
2935,-79.41843436,43.6332051
2936,-79.41835286,43.63287114
2937,-79.41828781,43.63289308
2938,-79.41819881,43.63283561
2939,-79.41841996,43.63278147
2940,-79.41836329,43.63322716
2941,-79.41833119,43.63280179
2942,-79.41828897,43.63291449
2943,-79.41830009,43.63311143
2944,-79.41850604,43.63311133
2945,-79.41831553,43.6328171
2946,-79.4186054,43.63320152
2947,-79.41842844,43.63278255
2948,-79.4186453,43.63289303
2949,-79.41840465,43.63299462
2950,-79.41849818,43.63319973
2951,-79.41826162,43.63288173
2952,-79.4183922,43.63314975
2953,-79.41830481,43.63310627
2954,-79.41830289,43.63311196
2955,-79.41853688,43.63283412
2956,-79.41830311,43.63287562
2957,-79.4185377,43.63293552
2958,-79.41864039,43.63305568
2959,-79.41859322,43.63308593
2960,-79.41858033,43.63309116
2961,-79.41852814,43.63284784
2962,-79.4186394,43.63288387
2963,-79.41846359,43.63299825
2964,-79.41824106,43.6328506
2965,-79.41845427,43.63318817
2966,-79.41838466,43.63308563
2967,-79.41852653,43.63319593
2968,-79.41858503,43.63318234
2969,-79.4183933,43.63287815
2970,-79.41860101,43.6329828
2971,-79.4185544,43.6331387
2972,-79.41841127,43.63299898
2973,-79.41856192,43.63320516
2974,-79.41825286,43.63292258
2975,-79.41850418,43.6330798
2976,-79.41837866,43.63323027
2977,-79.41861423,43.63310066
2978,-79.41851281,43.6328469
2979,-79.41869113,43.63313805
2980,-79.41862764,43.63288411
2981,-79.41842612,43.63306455
2982,-79.41864667,43.63309261
2983,-79.4186231,43.63301811
2984,-79.41852489,43.63277028
2985,-79.41875177,43.63311712
2986,-79.41837892,43.63316314
2987,-79.4185434,43.63297525
2988,-79.41872659,43.63310285
2989,-79.41832064,43.63289888
2990,-79.41821504,43.63284694
2991,-79.41847656,43.63302801
2992,-79.41850179,43.63322913
2993,-79.41837836,43.63299828
2994,-79.41822151,43.63298715
2995,-79.4184809,43.63289816
2996,-79.41848802,43.63302994
2997,-79.41851101,43.63304858
2998,-79.41848158,43.63317087
2999,-79.41834624,43.63314683
3000,-79.41820198,43.63297441